price,volume,timestamp
109.75,1,09:45:02.148700624
109.75,5,09:45:02.148813187
109.75,13,09:45:02.148836713
109.75,2,09:45:02.148836713
109.75,2,09:45:07.769591384
109.75,3,09:45:07.769850459
109.75,7,09:45:13.374468601
109.75,12,09:45:13.374920485
109.75,1,09:45:13.375845527
109.75,5,09:45:15.948241189
109.75,5,09:45:15.948447294
109.76,18,09:45:15.948462936
109.76,5,09:45:15.948462936
109.76,18,09:45:15.948476791
109.76,8,09:45:15.948494084
109.76,7,09:45:15.948494084
109.76,12,09:45:15.948508961
109.76,10,09:45:15.948508961
109.76,2,09:45:15.948523585
109.76,1,09:45:15.948523585
109.76,4,09:45:15.948538017
109.76,5,09:45:15.948552023
109.76,10,09:45:15.948566875
109.76,25,09:45:15.948580622
109.76,4,09:45:15.949253142
109.76,24,09:45:15.949828752
109.76,18,09:45:15.949985504
109.76,8,09:45:15.950517023
109.76,19,09:45:15.950649308
109.76,5,09:45:15.950675916
109.76,1,09:45:15.950689644
109.76,1,09:45:15.951071141
109.76,5,09:45:15.951174130
109.76,1,09:45:16.047146054
109.76,9,09:45:17.221834821
109.76,2,09:45:17.222143643
109.76,5,09:45:26.169328183
109.76,1,09:45:26.169362481
109.76,10,09:45:26.169362481
109.76,13,09:45:26.169362481
109.76,7,09:45:26.169362481
109.76,3,09:45:26.169362481
109.76,4,09:45:26.169362481
109.76,4,09:45:26.170015716
109.76,21,09:45:26.170290941
109.76,24,09:45:26.170359227
109.76,2,09:45:26.170359227
109.76,16,09:45:26.170359227
109.76,3,09:45:26.170616145
109.76,1,09:45:31.711234071
109.76,5,09:45:31.711455020
109.76,8,09:45:34.582821225
109.76,1,09:45:34.582821225
109.76,3,09:45:34.582821225
109.76,8,09:45:34.583124787
109.76,13,09:45:34.583124787
109.76,1,09:45:38.308762431
109.76,2,09:45:39.026025677
109.76,3,09:45:39.026025677
109.76,5,09:45:39.026025677
109.75,3,09:45:42.049754597
109.75,2,09:45:42.050142820
109.75,2,09:45:42.060456499
109.75,1,09:45:42.060653158
109.76,2,09:45:44.251258590
109.76,1,09:45:44.251363812
109.76,5,09:45:44.251383748
109.76,2,09:45:45.490240047
109.76,1,09:45:45.490240047
109.76,1,09:45:45.490327516
109.76,1,09:45:45.490349046
109.76,1,09:45:46.304137827
109.76,1,09:46:00.016439280
109.76,92,09:46:00.026402465
109.75,2,09:46:14.928346127
109.75,1,09:46:14.928346127
109.75,2,09:46:14.928359916
109.75,1,09:46:14.928359916
109.75,1,09:46:14.928375346
109.75,7,09:46:14.929243394
109.75,6,09:46:14.929426899
109.75,5,09:46:14.929440140
109.75,4,09:46:14.929457609
109.75,15,09:46:14.929474374
109.75,1,09:46:14.934012637
109.75,1,09:46:14.934245844
109.75,1,09:46:14.934360961
109.75,19,09:46:14.934463671
109.75,1,09:46:14.939669653
109.75,3,09:46:14.939669653
109.75,2,09:46:14.939669653
109.75,2,09:46:14.939757667
109.75,2,09:46:14.956291651
109.75,9,09:46:14.956291651
109.75,1,09:46:14.956291651
109.75,1,09:46:14.995689576
109.75,9,09:46:15.005161832
109.75,1,09:46:15.099659654
109.75,1,09:46:15.242777814
109.75,2,09:46:15.242777814
109.75,1,09:46:15.242853138
109.75,1,09:46:15.242879631
109.75,1,09:46:20.170944125
109.75,2,09:46:20.171046272
109.75,1,09:46:20.171141747
109.75,5,09:46:20.171384304
109.75,22,09:46:27.874704289
109.75,1,09:46:37.056916435
109.75,1,09:47:00.963364768
109.75,8,09:47:00.963380823
109.75,1,09:47:00.963397619
109.75,3,09:47:00.964120235
109.75,4,09:47:00.964153642
109.75,2,09:47:01.618919575
109.75,1,09:47:01.618919575
109.75,1,09:47:01.990128800
109.75,1,09:47:03.347253124
109.75,1,09:47:03.347360093
109.75,1,09:47:03.347385181
109.75,6,09:47:03.347385181
109.75,1,09:47:05.014384663
109.75,3,09:47:05.014384663
109.75,1,09:47:05.657385445
109.75,1,09:47:06.711169096
109.75,1,09:47:06.711247671
109.75,2,09:47:20.542188174
109.75,1,09:47:20.542188174
109.75,1,09:47:20.542324638
109.75,1,09:47:20.542351281
109.75,4,09:47:20.542520235
109.75,6,09:47:27.017090503
109.75,1,09:47:55.441406749
109.75,1,09:47:55.704278283
109.75,1,09:47:55.704357965
109.75,1,09:48:34.109217267
109.75,1,09:49:04.337371319
109.75,1,09:49:04.337511280
109.75,1,09:49:19.323004245
109.75,1,09:49:19.323693336
109.76,2,09:49:43.317103717
109.76,1,09:49:43.491867262
109.76,1,09:49:43.491940561
109.76,4,09:49:43.492166197
109.76,2,09:49:56.162893080
109.76,1,09:49:56.162893080
109.76,1,09:49:56.163052229
109.76,1,09:50:00.281259739
109.76,1,09:50:00.281336069
109.76,1,09:50:00.281734174
109.76,1,09:50:00.281922942
109.76,1,09:50:00.281942248
109.76,1,09:50:00.282040932
109.76,2,09:50:00.282210075
109.76,6,09:50:05.172944497
109.76,1,09:50:05.172944497
109.76,2,09:50:05.172944497
109.77,1,09:50:16.592324100
109.77,13,09:50:16.593957714
109.77,6,09:50:16.594051445
109.77,3,09:50:16.594066793
109.77,1,09:50:16.594066793
109.77,1,09:50:16.595062786
109.77,3,09:50:16.597382867
109.77,1,09:50:16.597396524
109.77,1,09:50:16.597477750
109.77,1,09:50:16.597502699
109.77,1,09:50:17.556843058
109.77,1,09:50:17.556920367
109.76,1,09:50:37.841542824
109.76,1,09:50:37.842123700
109.76,1,09:50:37.842416241
109.76,1,09:50:37.844538371
109.76,2,09:50:37.851944122
109.76,1,09:50:37.852523577
109.76,1,09:50:37.852598374
109.76,1,09:51:00.041961635
109.76,5,09:51:00.042064991
109.76,2,09:51:00.052322495
109.76,1,09:51:02.283180708
109.76,2,09:51:02.283265575
109.76,12,09:51:02.783831439
109.74,1,09:51:29.576088881
109.74,1,09:51:29.592900318
109.74,2,09:51:29.598975929
109.74,1,09:51:29.598975929
109.74,6,09:51:29.599363171
109.74,1,09:51:35.172506996
109.74,1,09:52:06.187891791
109.74,1,09:52:06.187957749
109.74,2,09:53:20.281013009
109.74,1,09:53:31.632489891
109.74,1,09:53:31.632580578
109.74,1,09:53:31.632615912
109.74,10,09:53:31.719487678
109.74,16,09:54:21.079552766
109.74,1,09:54:33.952578873
109.75,2,09:55:18.080690929
109.75,11,09:55:18.080690929
109.75,12,09:55:18.080705016
109.74,4,09:55:26.684128690
109.74,12,09:55:28.223032933
109.74,14,09:55:28.223893502
109.74,5,09:55:28.224039883
109.74,13,09:55:28.224067089
109.74,16,09:55:28.224087000
109.74,19,09:55:28.224115240
109.74,4,09:55:28.224129806
109.74,4,09:55:28.224145857
109.74,10,09:55:28.284164351
109.74,4,09:55:28.284178533
109.74,6,09:55:28.284240601
109.74,3,09:55:33.259620007
109.74,1,09:55:33.259633373
109.74,5,09:55:33.259903594
109.74,2,09:55:33.259903594
109.74,1,09:55:33.259903594
109.74,2,09:55:33.259920732
109.74,1,09:55:33.259920732
109.74,3,09:55:33.260036880
109.74,1,09:55:33.260052787
109.74,15,09:55:33.260313391
109.74,7,09:55:33.260313391
109.74,7,09:55:33.260330697
109.75,1,09:55:36.372446049
109.75,6,09:55:36.372446049
109.75,32,09:55:36.372446049
109.75,5,09:55:36.372446049
109.75,1,09:55:36.372516279
109.75,4,09:55:36.372538733
109.75,1,09:55:36.372538733
109.74,1,09:55:38.216532975
109.74,4,09:55:38.217766869
109.74,1,09:55:38.230656474
109.74,1,09:55:39.005591921
109.74,1,09:55:41.094628458
109.74,9,09:55:41.094859766
109.74,7,09:55:41.094965769
109.74,1,09:55:41.095266595
109.74,33,09:55:41.095266595
109.74,11,09:56:05.431313754
109.74,1,09:56:08.330936667
109.74,1,09:56:08.331127258
109.74,2,09:56:08.331352216
109.74,4,09:56:08.331552820
109.74,1,09:56:08.331552820
109.73,3,09:57:07.358619041
109.73,1,09:57:07.358619041
109.73,3,09:57:07.358732849
109.73,14,09:57:07.359381537
109.73,3,09:57:07.359381537
109.73,4,09:57:07.359792398
109.73,16,09:57:07.359906224
109.73,20,09:57:07.359936954
109.73,6,09:57:07.359936954
109.73,3,09:57:07.359936954
109.73,9,09:57:07.359936954
109.73,3,09:57:07.360265482
109.73,1,09:57:07.370160121
109.73,1,09:57:07.370239593
109.73,1,09:57:15.186159430
109.73,3,09:57:15.196905054
109.74,5,09:57:23.875447020
109.74,1,09:57:23.875583200
109.74,1,09:57:23.875611203
109.74,18,09:57:23.875611203
109.74,1,09:57:23.875918582
109.74,1,09:57:24.318681955
109.74,1,09:57:26.033373386
109.74,5,09:57:26.068307522
109.74,2,09:57:26.068307522
109.74,1,09:57:26.068307522
109.74,1,09:57:26.068407794
109.74,1,09:57:26.068429599
109.74,38,09:57:28.284075631
109.74,1,09:57:53.805498121
109.74,3,09:57:53.805682055
109.74,1,09:57:53.816640475
109.74,1,09:58:03.894564465
109.74,2,09:58:20.792871798
109.74,1,09:58:33.505380012
109.74,22,09:58:45.709235960
109.75,1,09:59:01.938090395
109.75,7,09:59:01.938174469
109.75,4,09:59:01.938481112
109.75,1,09:59:01.938481112
109.75,43,09:59:01.938481112
109.75,12,09:59:09.228231352
109.75,4,09:59:09.228231352
109.75,2,09:59:12.123480129
109.75,2,09:59:12.123559696
109.75,8,09:59:12.911746086
109.75,3,09:59:12.911838652
109.75,11,09:59:12.911854046
109.75,2,09:59:21.000696226
109.75,3,09:59:21.000815621
109.75,3,09:59:21.006933105
109.76,1,09:59:22.000740216
109.76,2,09:59:22.000740216
109.76,1,09:59:22.000827733
109.76,4,09:59:22.000843001
109.76,1,09:59:22.000843001
109.75,1,09:59:22.576249065
109.75,1,09:59:22.576374199
109.75,14,09:59:22.576794624
109.75,1,09:59:30.345005614
109.75,1,09:59:32.319388292
109.75,2,09:59:32.319469907
109.76,1,10:00:00.010238922
109.76,4,10:00:00.010238922
109.76,25,10:00:00.010238922
109.77,1,10:00:00.010646829
109.77,9,10:00:00.010646829
109.77,1,10:00:00.010678648
109.78,1,10:00:00.010678648
109.79,44,10:00:00.011111647
109.78,2,10:00:00.011111647
109.79,2,10:00:00.011111647
109.76,1,10:00:00.012537359
109.77,4,10:00:00.012723576
109.77,1,10:00:00.015327447
109.79,3,10:00:00.015357818
109.79,1,10:00:00.019276092
109.79,1,10:00:00.019378329
109.79,1,10:00:00.019398092
109.79,1,10:00:00.181102396
109.79,1,10:00:00.181191002
109.79,7,10:00:00.181586946
109.8,9,10:00:00.308843232
109.8,1,10:00:00.308843232
109.79,1,10:00:01.065380662
109.81,5,10:00:01.805304646
109.79,1,10:00:03.367346509
109.79,1,10:00:04.041944058
109.79,2,10:00:04.042713827
109.78,1,10:00:05.649661165
109.78,1,10:00:05.924320257
109.78,1,10:00:05.924414695
109.79,1,10:00:05.991310881
109.78,1,10:00:06.472841116
109.76,1,10:00:06.475229859
109.75,1,10:00:06.477388471
109.74,1,10:00:06.478409390
109.74,2,10:00:06.478409390
109.75,2,10:00:06.481727361
109.75,1,10:00:06.481742922
109.76,2,10:00:06.485012632
109.76,1,10:00:06.485122175
109.76,1,10:00:06.581592874
109.75,1,10:00:06.919345361
109.75,4,10:00:06.919561025
109.75,2,10:00:06.920129536
109.74,1,10:00:06.920151315
109.74,2,10:00:06.920166454
109.74,1,10:00:06.920166454
109.75,1,10:00:06.920536931
109.74,2,10:00:06.921677756
109.73,1,10:00:06.924369402
109.73,4,10:00:06.924383549
109.73,2,10:00:06.924478287
109.74,2,10:00:06.926970561
109.74,1,10:00:06.929533836
109.73,1,10:00:06.951124765
109.74,2,10:00:06.992748132
109.74,1,10:00:06.992748132
109.75,2,10:00:07.080824238
109.75,1,10:00:07.080824238
109.75,1,10:00:07.080995004
109.75,1,10:00:07.081290298
109.75,6,10:00:07.081478813
109.76,1,10:00:07.081578881
109.76,2,10:00:07.081595249
109.75,2,10:00:07.081931964
109.77,1,10:00:07.082375142
109.77,1,10:00:07.082702770
109.77,2,10:00:07.082724913
109.77,1,10:00:07.082737765
109.77,3,10:00:07.082754254
109.77,1,10:00:07.082781883
109.78,1,10:00:07.083585335
109.77,1,10:00:07.084244616
109.77,2,10:00:07.084260558
109.77,1,10:00:07.084300590
109.78,1,10:00:07.084556291
109.78,1,10:00:07.084639795
109.78,2,10:00:07.084654865
109.79,1,10:00:07.084945704
109.79,2,10:00:07.085711210
109.79,1,10:00:07.085839069
109.78,1,10:00:07.085962496
109.79,1,10:00:07.085995040
109.78,1,10:00:07.085995040
109.78,1,10:00:07.086283186
109.78,1,10:00:07.086485833
109.78,1,10:00:07.086734249
109.78,1,10:00:07.087104418
109.78,1,10:00:07.087592834
109.78,1,10:00:07.088020618
109.78,1,10:00:07.088496052
109.78,1,10:00:07.088685489
109.77,2,10:00:07.089629824
109.77,1,10:00:07.089825999
109.77,1,10:00:07.091275096
109.78,1,10:00:07.092151537
109.78,1,10:00:07.106132246
109.78,2,10:00:07.114850174
109.77,1,10:00:07.114945889
109.78,7,10:00:07.115424573
109.78,12,10:00:07.115424573
109.78,7,10:00:07.126966744
109.79,1,10:00:07.169329550
109.79,1,10:00:07.173109115
109.79,2,10:00:07.176736667
109.79,1,10:00:07.180455861
109.78,1,10:00:07.218964040
109.78,2,10:00:07.965912428
109.78,1,10:00:07.965912428
109.77,1,10:00:08.049283605
109.76,1,10:00:08.049299957
109.76,4,10:00:08.049325349
109.77,1,10:00:08.090922748
109.73,1,10:00:11.004728173
109.73,4,10:00:11.198872758
109.73,37,10:00:11.199311896
109.73,8,10:00:11.199782174
109.72,2,10:00:11.924132121
109.72,90,10:00:11.924265739
109.72,8,10:00:11.924374892
109.72,2,10:00:12.324967793
109.73,1,10:00:13.280521021
109.73,2,10:00:13.280521021
109.73,1,10:00:13.461984397
109.73,1,10:00:14.269744389
109.73,1,10:00:14.304655772
109.74,1,10:00:14.932526161
109.73,2,10:00:15.009172942
109.73,1,10:00:16.359523237
109.73,1,10:00:16.359604937
109.73,2,10:00:16.361853610
109.73,1,10:00:16.469549153
109.73,1,10:00:18.104413353
109.73,1,10:00:18.104506282
109.73,2,10:00:18.214851097
109.73,1,10:00:19.369158197
109.7,1,10:00:22.119180837
109.7,1,10:00:22.119481614
109.7,2,10:00:22.127604235
109.7,16,10:00:22.127923266
109.7,6,10:00:23.478023436
109.69,4,10:00:25.083166326
109.68,3,10:00:25.872240486
109.68,3,10:00:25.872466591
109.67,1,10:00:27.031687922
109.66,1,10:00:27.743361417
109.66,8,10:00:28.008811532
109.67,1,10:00:29.119735232
109.67,4,10:00:29.119735232
109.67,15,10:00:29.120801200
109.67,27,10:00:29.120801200
109.68,26,10:00:30.157425527
109.69,1,10:00:31.001935045
109.69,1,10:00:31.004959157
109.69,1,10:00:31.044119338
109.68,1,10:00:31.211553946
109.68,1,10:00:32.006823857
109.68,1,10:00:34.063939708
109.69,1,10:00:36.327486417
109.7,1,10:00:38.705895596
109.7,1,10:00:38.706426620
109.71,1,10:00:40.954745074
109.71,2,10:00:40.954745074
109.71,1,10:00:40.958642572
109.71,1,10:00:40.989839897
109.71,1,10:00:40.990181902
109.71,1,10:00:55.386396542
109.71,16,10:00:55.533342026
109.73,19,10:00:56.143250465
109.73,10,10:00:56.143267716
109.74,1,10:01:01.745943065
109.74,1,10:01:01.746350658
109.74,5,10:01:01.746350658
109.74,1,10:01:04.319074502
109.73,20,10:01:05.918246510
109.74,1,10:01:06.526098102
109.74,1,10:01:06.526415927
109.74,1,10:01:06.526934860
109.75,1,10:01:06.546858675
109.75,16,10:01:06.546883001
109.75,6,10:01:06.546883001
109.75,2,10:01:06.546883001
109.75,10,10:01:06.548004567
109.75,1,10:01:06.549473495
109.75,7,10:01:06.549475361
109.76,3,10:01:06.714536638
109.76,6,10:01:06.714536638
109.76,16,10:01:06.739468624
109.76,18,10:01:06.739969619
109.76,1,10:01:06.739969619
109.76,10,10:01:06.740070546
109.76,2,10:01:06.740070546
109.76,2,10:01:06.866223109
109.76,4,10:01:06.866223109
109.77,2,10:01:07.227326110
109.77,1,10:01:07.227399502
109.76,10,10:01:07.367753622
109.77,1,10:01:07.395646604
109.77,2,10:01:07.434944098
109.77,2,10:01:07.435609807
109.77,1,10:01:07.435848382
109.77,1,10:01:07.435872267
109.77,2,10:01:07.435872267
109.77,1,10:01:07.446980815
109.77,1,10:01:07.782004440
109.77,3,10:01:07.782004440
109.78,1,10:01:08.192175283
109.78,1,10:01:08.195983208
109.78,4,10:01:08.196082594
109.78,11,10:01:08.196082594
109.78,6,10:01:08.259769355
109.78,1,10:01:08.259924200
109.78,1,10:01:08.260035853
109.78,2,10:01:08.260035853
109.78,2,10:01:08.260543121
109.78,1,10:01:08.260543121
109.78,1,10:01:08.260868688
109.78,1,10:01:08.260973616
109.78,1,10:01:08.261154343
109.78,1,10:01:08.261369891
109.78,1,10:01:08.261487159
109.78,1,10:01:08.261723129
109.78,1,10:01:08.261993565
109.78,1,10:01:08.262304198
109.78,1,10:01:08.262590796
109.78,1,10:01:09.723074133
109.78,1,10:01:09.723177829
109.78,3,10:01:09.723213004
109.78,2,10:01:09.723213004
109.78,18,10:01:10.288018376
109.78,32,10:01:10.288018376
109.78,3,10:01:10.288673684
109.77,7,10:01:14.870124223
109.77,7,10:01:15.058300858
109.77,5,10:01:15.248081540
109.78,6,10:01:17.531303875
109.78,5,10:01:17.531303875
109.78,1,10:01:17.531303875
109.78,2,10:01:17.820861094
109.78,3,10:01:17.820861094
109.78,1,10:01:17.820861094
109.78,4,10:01:17.821101388
109.78,12,10:01:17.821101388
109.78,1,10:01:18.063247486
109.78,1,10:01:18.063318043
109.79,4,10:01:19.332947498
109.79,4,10:01:19.333678325
109.79,2,10:01:19.333678325
109.8,6,10:01:19.469604216
109.8,3,10:01:19.469604216
109.8,2,10:01:19.469604216
109.8,1,10:01:19.549453300
109.8,1,10:01:19.679251972
109.8,1,10:01:19.679747300
109.79,1,10:01:20.887578287
109.79,2,10:01:20.887669916
109.79,1,10:01:21.371668809
109.79,3,10:01:21.371759580
109.79,1,10:01:21.372103663
109.79,1,10:01:21.372213298
109.79,1,10:01:21.372880282
109.79,1,10:01:22.745982287
109.77,3,10:01:27.066815081
109.77,4,10:01:27.367417690
109.77,1,10:01:27.367417690
109.77,2,10:01:27.468934695
109.78,6,10:01:28.559617366
109.78,1,10:01:28.559710498
109.78,1,10:01:28.559726275
109.78,3,10:01:31.534821930
109.78,1,10:01:31.534821930
109.78,1,10:01:31.535319073
109.78,1,10:01:31.546407096
109.79,2,10:01:33.159206233
109.79,1,10:01:33.159286003
109.79,1,10:01:33.397578776
109.79,2,10:01:35.378284121
109.79,3,10:01:35.378284121
109.78,1,10:01:36.841958599
109.78,1,10:01:36.842261431
109.78,1,10:01:36.842849581
109.78,1,10:01:36.843080828
109.78,2,10:01:36.843080828
109.78,9,10:01:36.843080828
109.78,2,10:01:37.032831654
109.78,3,10:01:37.032831654
109.78,1,10:01:37.032831654
109.78,1,10:01:38.970702874
109.78,2,10:01:38.970702874
109.78,1,10:01:38.970769969
109.77,3,10:01:47.213494359
109.77,2,10:01:47.213494359
109.77,1,10:01:47.213996778
109.77,16,10:01:47.213996778
109.77,3,10:01:47.218030272
109.78,3,10:01:49.407877106
109.78,2,10:01:49.407956280
109.76,1,10:01:54.193958895
109.76,1,10:01:54.194060012
109.76,2,10:01:54.194084310
109.76,1,10:01:54.194084310
109.76,4,10:01:58.025641406
109.76,1,10:01:58.025641406
109.76,1,10:02:01.902644330
109.76,1,10:02:01.902735820
109.76,1,10:02:01.902750895
109.76,2,10:02:01.902750895
109.75,1,10:02:16.029516845
109.75,2,10:02:16.029516845
109.75,3,10:02:16.029516845
109.75,2,10:02:16.030521164
109.75,2,10:02:16.030890859
109.76,2,10:02:16.906995934
109.76,1,10:02:16.907023546
109.76,2,10:02:16.907023546
109.76,1,10:02:17.340026310
109.76,2,10:02:17.340507776
109.76,1,10:02:17.340507776
109.77,2,10:02:21.051391383
109.77,1,10:02:21.051391383
109.77,1,10:02:21.051617458
109.77,2,10:02:25.023981272
109.76,4,10:02:30.876034145
109.76,2,10:02:30.876457319
109.77,1,10:02:37.791694450
109.77,5,10:02:37.791694450
109.77,1,10:02:37.791767176
109.77,1,10:02:37.792069445
109.77,1,10:02:37.792217947
109.77,1,10:02:39.977929739
109.76,1,10:02:48.336808946
109.76,1,10:02:48.336899650
109.76,3,10:02:57.448028718
109.76,2,10:02:57.448028718
109.76,1,10:02:57.448161223
109.76,1,10:02:57.448213404
109.76,3,10:02:57.448213404
109.76,2,10:02:57.458975989
109.76,1,10:02:58.198308583
109.76,1,10:02:58.198463111
109.76,1,10:02:58.198773899
109.76,5,10:03:06.253689492
109.76,1,10:03:06.264639899
109.76,4,10:03:09.323349055
109.76,1,10:03:09.334256262
109.76,4,10:03:09.334256262
109.76,4,10:03:09.334603315
109.76,1,10:03:10.176325024
109.76,1,10:03:10.176450083
109.76,3,10:03:10.176611872
109.76,5,10:03:14.591246924
109.76,1,10:03:15.414040899
109.76,3,10:03:15.414261168
109.76,1,10:03:15.414458473
109.76,3,10:03:15.425087420
109.76,2,10:03:15.425087420
109.77,1,10:03:51.035115909
109.77,11,10:03:51.035727063
109.77,4,10:03:51.035752023
109.77,1,10:03:51.035771457
109.77,7,10:03:51.035771457
109.77,1,10:03:51.035909934
109.77,1,10:04:09.565388833
109.77,3,10:04:12.464636295
109.77,5,10:04:12.551559272
109.77,3,10:04:12.562537673
109.77,1,10:04:12.562537673
109.77,5,10:04:14.341146748
109.77,1,10:04:14.341173794
109.77,1,10:04:20.037178814
109.77,4,10:04:20.627906313
109.76,1,10:04:58.021830480
109.76,1,10:04:58.022034241
109.75,2,10:04:58.474092063
109.75,1,10:04:58.474155548
109.76,5,10:05:04.002896377
109.76,1,10:05:16.584956597
109.77,26,10:05:45.607061168
109.77,1,10:05:45.607150985
109.77,1,10:05:45.607171823
109.77,5,10:05:45.607171823
109.77,8,10:05:45.607171823
109.78,2,10:05:47.818840986
109.78,8,10:05:47.818906839
109.78,10,10:05:48.012115904
109.78,2,10:05:48.201326288
109.78,1,10:05:48.201340774
109.78,2,10:05:48.201340774
109.78,5,10:05:48.201340774
109.77,2,10:05:53.873543057
109.77,1,10:05:54.237866539
109.78,1,10:06:00.162880462
109.78,6,10:06:00.162880462
109.78,3,10:06:00.162948701
109.78,18,10:06:00.163262943
109.78,4,10:06:00.163377589
109.78,2,10:06:00.163377589
109.78,2,10:06:00.163493652
109.78,1,10:06:00.163516248
109.78,2,10:06:00.163516248
109.79,3,10:06:03.110262597
109.79,1,10:06:03.110283180
109.79,3,10:06:03.110283180
109.79,3,10:06:03.306811535
109.79,1,10:06:04.160020542
109.79,2,10:06:04.160967582
109.79,1,10:06:07.549406394
109.78,1,10:06:08.882145815
109.77,5,10:06:32.439757725
109.77,1,10:06:34.430492328
109.77,1,10:06:34.430743352
109.77,2,10:06:39.649402301
109.77,1,10:06:39.654924165
109.77,5,10:06:39.665720504
109.77,5,10:06:39.676831686
109.77,7,10:06:39.677249417
109.77,3,10:06:39.677249417
109.77,10,10:06:39.677249417
109.77,24,10:06:39.677249417
109.77,1,10:06:39.678905661
109.77,5,10:06:39.687621808
109.77,5,10:06:39.698382225
109.77,5,10:06:39.709001023
109.77,5,10:06:39.719656761
109.77,5,10:06:39.730385940
109.77,5,10:06:39.741075971
109.77,2,10:06:39.751838891
109.77,1,10:06:39.751838891
109.77,2,10:06:39.752293278
109.77,4,10:06:39.763495349
109.77,1,10:06:39.763824698
109.77,4,10:06:39.798956999
109.77,1,10:06:40.658300601
109.75,1,10:07:07.251748404
109.75,1,10:07:07.252558074
109.75,4,10:07:07.252558074
109.75,5,10:07:07.322345262
109.76,1,10:07:33.518208480
109.76,1,10:07:33.518578371
109.75,5,10:08:07.325695385
109.75,5,10:08:13.360724709
109.75,5,10:08:13.462625794
109.75,2,10:08:22.193936903
109.75,3,10:08:22.196196868
109.75,2,10:08:22.392426709
109.75,3,10:08:22.393137118
109.75,1,10:08:24.035645787
109.75,4,10:08:24.145711373
109.75,5,10:08:28.108438109
109.75,5,10:08:28.119174332
109.75,5,10:08:28.129941050
109.75,5,10:08:28.140594295
109.75,5,10:08:28.151269839
109.75,5,10:08:28.161916557
109.75,5,10:08:28.172572715
109.75,5,10:08:28.183245826
109.75,5,10:08:28.193915002
109.75,5,10:08:28.204615679
109.75,5,10:08:28.215229181
109.75,1,10:08:28.226522694
109.75,4,10:08:28.226522694
109.75,1,10:08:31.909007765
109.74,6,10:08:48.104235126
109.74,2,10:08:55.035796614
109.74,1,10:08:55.035796614
109.74,3,10:08:55.036269802
109.74,1,10:09:19.912029805
109.74,2,10:09:19.912029805
109.75,12,10:09:51.945179703
109.75,1,10:09:51.945179703
109.75,1,10:09:51.945368984
109.75,1,10:09:51.945384578
109.75,1,10:09:51.945398834
109.75,1,10:09:51.945411797
109.75,1,10:09:51.945426949
109.75,10,10:09:51.945442568
109.75,7,10:09:51.945457013
109.75,1,10:09:51.945457013
109.75,10,10:09:51.945470802
109.75,6,10:09:51.945470802
109.75,9,10:09:51.947166410
109.75,5,10:09:58.310044918
109.75,1,10:09:58.310044918
109.75,3,10:10:00.960599804
109.75,3,10:10:00.960618374
109.75,1,10:10:01.521903411
109.75,5,10:10:01.521903411
109.75,3,10:10:01.521903411
109.74,3,10:10:01.521918291
109.75,2,10:10:01.523336117
109.75,7,10:10:03.951911183
109.75,1,10:10:03.952421772
109.75,3,10:10:03.952654921
109.75,13,10:10:03.952654921
109.75,8,10:10:03.952681231
109.75,2,10:10:03.952681231
109.75,1,10:10:03.952833142
109.75,2,10:10:03.952833142
109.75,1,10:10:03.952983549
109.75,2,10:10:03.953094203
109.75,1,10:10:03.953122847
109.75,1,10:10:06.016292086
109.75,1,10:10:06.016375938
109.75,10,10:10:06.016399199
109.75,28,10:10:06.016399199
109.75,3,10:10:06.016399199
109.75,5,10:10:06.016399199
109.75,2,10:10:06.016399199
109.75,1,10:10:10.397575742
109.75,1,10:10:10.397727131
109.75,1,10:10:10.397741170
109.75,10,10:10:10.397741170
109.75,1,10:10:10.397755683
109.75,2,10:10:10.397776506
109.75,6,10:10:10.397776506
109.75,7,10:10:10.397776506
109.75,7,10:10:10.398098321
109.75,1,10:10:10.398098321
109.75,3,10:10:10.398666238
109.75,18,10:10:10.398694529
109.75,14,10:10:10.398717687
109.75,19,10:10:10.398736631
109.75,2,10:10:10.399079661
109.75,1,10:10:12.608621363
109.75,1,10:10:12.608646118
109.75,2,10:10:12.608646118
109.75,10,10:10:12.608646118
109.75,2,10:10:12.618668735
109.75,21,10:10:12.618965890
109.75,2,10:10:12.619146396
109.75,1,10:10:12.621102910
109.75,1,10:10:12.621366864
109.75,63,10:10:12.621470849
109.74,1,10:10:12.632622776
109.74,1,10:10:26.208434179
109.74,1,10:10:27.162691650
109.73,2,10:10:33.818184788
109.73,1,10:10:33.818268120
109.73,1,10:10:34.570031320
109.72,1,10:10:38.103635923
109.72,2,10:10:39.306419410
109.73,1,10:10:52.014283843
109.74,1,10:10:55.951070619
109.74,5,10:10:55.951170628
109.74,11,10:10:55.951200104
109.75,1,10:11:14.708715812
109.75,10,10:11:14.708715812
109.75,2,10:11:14.710087859
109.76,2,10:11:53.100834015
109.76,1,10:12:35.756846920
109.76,2,10:12:35.756956504
109.76,1,10:12:35.756984830
109.76,10,10:12:35.756984830
109.76,32,10:12:35.757647588
109.76,1,10:12:39.853663902
109.76,1,10:12:39.853789012
109.76,1,10:12:39.853822433
109.76,2,10:12:39.853822433
109.77,1,10:13:21.219842481
109.77,1,10:13:39.269823671
109.77,1,10:13:39.270106692
109.77,1,10:13:54.094643490
109.77,1,10:14:07.183965560
109.77,1,10:14:07.184769351
109.77,2,10:14:07.184769351
109.76,1,10:14:35.210952885
109.75,1,10:14:54.303279716
109.75,10,10:14:54.303410942
109.75,1,10:14:54.303453386
109.75,2,10:14:54.303453386
109.75,3,10:14:54.303453386
109.75,18,10:14:54.303453386
109.75,14,10:14:54.303453386
109.75,40,10:14:54.303453386
109.75,1,10:14:54.304604509
109.75,1,10:14:54.304641997
109.75,2,10:14:54.305011789
109.75,3,10:14:54.305470480
109.75,2,10:14:54.305470480
109.75,1,10:14:54.305470480
109.76,2,10:15:16.809099885
109.76,1,10:15:16.809125687
109.76,22,10:15:16.809125687
109.76,1,10:15:16.833891341
109.76,1,10:15:16.836446340
109.76,1,10:15:16.836639729
109.76,1,10:15:16.836705405
109.74,3,10:17:24.715805188
109.74,10,10:17:24.716419325
109.74,15,10:17:24.716419325
109.74,1,10:17:24.716419325
109.73,1,10:17:41.991738318
109.73,1,10:17:41.991908225
109.73,7,10:17:41.991922766
109.73,1,10:17:41.991922766
109.73,1,10:17:41.991937002
109.73,2,10:17:41.991951700
109.73,1,10:17:41.991951700
109.73,21,10:17:41.991970135
109.73,10,10:17:41.991970135
109.73,1,10:17:41.991970135
109.73,1,10:17:41.992847876
109.72,1,10:17:42.482291979
109.72,1,10:17:42.482422577
109.72,1,10:17:42.482441051
109.72,7,10:17:42.482459418
109.72,2,10:17:42.482459418
109.72,1,10:17:42.482459418
109.72,34,10:17:42.482459418
109.72,7,10:17:42.893740248
109.72,7,10:17:42.893822472
109.72,10,10:17:42.893839534
109.72,8,10:17:42.893839534
109.72,18,10:17:42.893839534
109.72,6,10:17:43.381545300
109.72,12,10:17:43.381634436
109.72,16,10:17:43.381655866
109.72,1,10:17:43.381655866
109.72,12,10:17:43.381655866
109.72,3,10:17:43.381655866
109.72,1,10:18:37.696899454
109.72,1,10:18:43.740618557
109.72,1,10:18:43.740769697
109.72,1,10:18:43.740784436
109.72,10,10:18:43.740799751
109.72,1,10:18:43.740799751
109.72,2,10:18:43.740799751
109.72,1,10:18:43.740818062
109.72,10,10:18:43.740818062
109.72,10,10:18:43.740842807
109.72,7,10:18:43.740842807
109.72,3,10:18:43.741449245
109.72,6,10:18:43.741626371
109.72,15,10:18:43.741644323
109.72,4,10:18:43.741853289
109.72,4,10:18:43.741978746
109.72,1,10:18:43.742099107
109.72,2,10:18:43.742238992
109.72,6,10:18:43.742238992
109.72,7,10:18:43.742409619
109.72,1,10:18:44.413603973
109.72,2,10:18:44.413866594
109.73,10,10:18:54.882095427
109.73,1,10:18:54.882095427
109.73,1,10:18:54.882123103
109.74,1,10:20:48.717476978
109.74,1,10:20:48.717493541
109.74,3,10:20:48.720374189
109.74,1,10:20:48.720374189
109.73,1,10:21:55.063519116
109.73,1,10:21:55.063617124
109.73,10,10:21:55.063651137
109.73,1,10:21:55.063651137
109.73,1,10:22:11.121467357
109.74,1,10:22:12.322685732
109.73,1,10:22:33.138024460
109.73,1,10:22:33.138039590
109.73,1,10:22:33.138133362
109.73,9,10:22:33.138161301
109.73,2,10:22:33.138161301
109.73,3,10:22:33.138161301
109.73,1,10:22:33.138161301
109.73,3,10:22:35.640221351
109.73,2,10:22:35.640241300
109.73,1,10:22:51.445321412
109.73,1,10:22:51.445643908
109.73,2,10:22:51.445925540
109.73,16,10:22:51.446158951
109.72,2,10:24:00.934654851
109.72,1,10:24:00.934654851
109.71,1,10:24:51.159686907
109.71,1,10:24:51.159972998
109.71,1,10:24:51.160194102
109.71,2,10:24:51.251296451
109.71,1,10:24:52.938177691
109.71,1,10:24:52.938543396
109.71,1,10:24:52.938842196
109.71,2,10:24:55.581301048
109.71,3,10:24:55.666695690
109.71,1,10:24:57.196459587
109.71,2,10:24:57.196767184
109.71,1,10:24:57.695586952
109.71,1,10:24:57.695948048
109.71,1,10:24:57.696052359
109.71,2,10:25:05.144291012
109.71,3,10:25:10.915231936
109.71,3,10:25:53.554713195
109.71,1,10:25:53.554837396
109.71,10,10:25:53.554859758
109.71,2,10:25:53.554859758
109.71,1,10:25:53.554859758
109.71,1,10:25:53.554876383
109.72,1,10:26:06.873205686
109.72,3,10:26:06.873205686
109.72,2,10:26:06.873205686
109.72,3,10:26:06.873227346
109.72,10,10:26:06.873227346
109.72,1,10:26:06.873227346
109.72,7,10:26:06.873227346
109.72,1,10:26:06.955730436
109.72,2,10:26:06.955746788
109.72,1,10:26:07.038564759
109.72,1,10:26:07.038661344
109.72,1,10:26:07.038697664
109.72,2,10:26:07.444187177
109.72,1,10:26:07.873477520
109.72,2,10:26:07.873664697
109.72,2,10:26:41.459909717
109.72,1,10:26:41.460023692
109.72,1,10:26:41.460847025
109.72,9,10:26:41.460847025
109.72,1,10:26:41.460861608
109.72,1,10:26:41.460876065
109.72,1,10:26:41.460889889
109.72,1,10:26:41.461078225
109.72,1,10:26:41.555403905
109.72,3,10:28:04.589396880
109.72,2,10:28:05.318170776
109.72,1,10:28:05.318685051
109.72,2,10:28:10.152403068
109.72,2,10:28:10.240625077
109.72,1,10:28:10.240962052
109.72,2,10:28:13.383574512
109.72,3,10:29:25.655093678
109.72,10,10:29:25.655093678
109.72,3,10:29:25.740356787
109.72,10,10:29:30.344785086
109.72,1,10:29:30.344785086
109.72,1,10:29:30.344875086
109.73,3,10:29:45.965957387
109.73,3,10:29:46.220706871
109.73,1,10:29:58.279480988
109.73,23,10:29:58.302179699
109.73,3,10:29:58.514306943
109.74,3,10:30:00.109703155
109.74,3,10:30:00.251851757
109.74,4,10:30:08.483849421
109.74,1,10:30:08.483978332
109.74,3,10:30:08.484008192
109.74,7,10:30:08.484008192
109.74,1,10:30:08.484008192
109.74,10,10:30:08.484008192
109.74,5,10:30:08.484008192
109.74,3,10:30:16.076876290
109.74,18,10:30:16.076876290
109.74,3,10:30:16.162285626
109.74,1,10:30:17.259232796
109.74,2,10:30:17.259531065
109.74,1,10:30:18.962592981
109.74,3,10:30:18.962613716
109.74,1,10:30:18.962613716
109.74,5,10:30:18.962613716
109.74,2,10:30:19.677947043
109.74,1,10:30:19.678035363
109.74,6,10:30:19.681298262
109.74,1,10:30:39.947389368
109.74,1,10:30:39.947460608
109.74,1,10:30:39.947660704
109.74,1,10:30:40.036721701
109.75,2,10:30:46.709501762
109.75,2,10:30:46.709517192
109.75,3,10:30:48.675394666
109.74,1,10:31:49.412274779
109.74,1,10:31:50.166955323
109.74,1,10:31:50.167015707
109.74,2,10:31:52.040302624
109.74,2,10:32:10.282591381
109.73,1,10:32:27.694999909
109.73,1,10:32:27.695349032
109.73,2,10:32:27.695349032
109.73,1,10:32:27.696356153
109.73,1,10:32:28.685892257
109.73,2,10:32:28.685963172
109.73,4,10:32:52.234149352
109.73,3,10:32:52.234149352
109.73,2,10:33:41.330533731
109.73,1,10:33:41.330807810
109.73,2,10:33:41.419850954
109.72,3,10:35:26.297887821
109.72,1,10:35:26.298387507
109.72,1,10:35:26.386036350
109.72,1,10:35:26.386268156
109.72,1,10:35:26.386633277
109.72,2,10:36:15.303677170
109.72,5,10:36:15.303677170
109.72,1,10:36:22.424461229
109.72,1,10:36:58.481695844
109.72,3,10:36:58.481695844
109.72,2,10:36:58.483671586
109.72,2,10:36:58.762657317
109.72,1,10:36:58.762979682
109.72,2,10:37:04.475812485
109.72,1,10:37:04.563074288
109.72,1,10:37:07.962707828
109.72,1,10:37:07.962778481
109.72,1,10:37:08.047411986
109.72,1,10:37:08.047431923
109.72,1,10:37:11.851989959
109.72,2,10:37:11.851989959
109.72,1,10:37:14.900733149
109.71,13,10:37:57.146723107
109.71,2,10:37:57.146723107
109.71,8,10:37:57.146723107
109.71,1,10:37:57.305928539
109.71,1,10:38:01.153411461
109.71,2,10:38:01.153489371
109.71,1,10:38:01.153505246
109.71,1,10:38:07.081318264
109.71,2,10:38:07.081318264
109.71,2,10:38:07.081403105
109.71,1,10:38:07.081427387
109.71,3,10:38:07.169244292
109.71,40,10:38:07.169460639
109.71,1,10:38:07.335837350
109.71,2,10:38:07.336271250
109.71,3,10:38:54.297363779
109.71,3,10:38:54.390056154
109.71,2,10:39:10.340860435
109.71,1,10:39:10.340949548
109.71,3,10:39:10.340967004
109.71,1,10:39:10.340967004
109.71,10,10:39:10.340967004
109.71,3,10:39:13.561456933
109.71,2,10:39:20.971923948
109.71,7,10:39:20.972295260
109.71,2,10:39:20.972408789
109.71,1,10:39:20.972639489
109.71,1,10:39:20.972769135
109.71,1,10:39:20.972787452
109.71,4,10:39:20.972787452
109.71,3,10:39:21.467305564
109.71,44,10:39:21.467762345
109.71,1,10:39:21.467762345
109.71,3,10:39:31.994269177
109.71,1,10:39:32.083332607
109.71,1,10:39:32.083402434
109.71,1,10:39:32.083417218
109.71,1,10:39:32.171534964
109.71,1,10:39:32.254428957
109.71,1,10:40:23.121122653
109.71,1,10:40:23.121212942
109.71,1,10:40:23.121582600
109.71,1,10:40:23.121609384
109.71,1,10:40:23.218177604
109.71,1,10:40:23.301449086
109.71,1,10:40:23.377173754
109.71,1,10:40:23.377238295
109.71,2,10:40:23.804947188
109.71,2,10:40:30.486236712
109.71,1,10:40:30.486678887
109.71,1,10:40:30.573678647
109.71,1,10:40:30.573745892
109.71,2,10:40:34.148897070
109.71,1,10:40:34.148897070
109.7,1,10:40:44.380577743
109.7,20,10:40:44.380577743
109.7,1,10:40:44.380749413
109.7,8,10:40:44.380749413
109.7,7,10:40:44.380749413
109.7,3,10:40:44.380769002
109.7,6,10:40:44.381007947
109.7,1,10:40:44.381025911
109.7,1,10:40:44.381243671
109.7,3,10:40:44.381473966
109.7,3,10:40:44.381941418
109.7,1,10:40:44.381992564
109.7,2,10:40:44.381992564
109.7,12,10:40:44.382044270
109.7,5,10:40:44.382069716
109.7,2,10:40:44.382069716
109.7,1,10:40:44.382151930
109.7,1,10:40:44.382166554
109.7,1,10:40:44.382193473
109.7,1,10:40:44.383137276
109.7,2,10:40:44.383152259
109.7,1,10:40:44.383165830
109.7,1,10:40:44.383183762
109.7,2,10:40:44.384212927
109.7,9,10:40:44.384578383
109.7,2,10:40:44.384578383
109.7,3,10:40:44.384606095
109.7,1,10:40:44.477411794
109.7,24,10:40:44.477913029
109.7,2,10:40:44.488668928
109.7,10,10:40:44.488668928
109.7,1,10:40:44.488668928
109.7,1,10:40:44.489058087
109.7,2,10:40:44.497638910
109.7,1,10:40:44.497772062
109.7,1,10:40:44.497934154
109.7,8,10:40:44.502896192
109.7,22,10:40:44.514298549
109.7,3,10:40:44.704434020
109.7,24,10:40:44.715276025
109.7,11,10:40:44.726742368
109.7,3,10:40:44.789351425
109.7,4,10:41:38.261258331
109.7,6,10:41:38.261383985
109.7,1,10:41:38.261383985
109.7,25,10:41:40.554664397
109.7,12,10:41:40.565818106
109.7,12,10:41:40.565895786
109.7,25,10:41:40.576883294
109.7,2,10:41:40.587721459
109.7,9,10:43:11.731280403
109.7,3,10:43:11.732169269
109.7,8,10:43:11.732556895
109.7,1,10:43:11.732805093
109.7,25,10:43:11.742892615
109.71,1,10:43:54.761198354
109.71,10,10:43:54.761290012
109.71,1,10:43:54.761305260
109.71,2,10:43:54.761305260
109.71,4,10:43:54.761305260
109.71,8,10:43:54.761305260
109.71,27,10:43:54.772359892
109.71,23,10:43:54.783168366
109.71,1,10:43:54.794022015
109.71,2,10:43:54.794022015
109.71,1,10:43:54.794119980
109.71,1,10:43:54.794136310
109.71,10,10:43:54.794136310
109.71,3,10:43:54.794136310
109.71,7,10:43:54.794136310
109.71,1,10:43:54.805576397
109.71,1,10:43:54.805676818
109.71,2,10:43:54.805696911
109.71,10,10:43:54.805696911
109.71,1,10:43:54.805696911
109.71,8,10:43:54.806001222
109.71,25,10:43:54.816751032
109.71,27,10:43:54.827559736
109.71,13,10:43:54.838245396
109.71,13,10:43:54.838310848
109.71,3,10:43:54.882158651
109.71,21,10:43:54.882448698
109.71,23,10:43:54.892961375
109.71,3,10:44:02.358765455
109.71,3,10:44:02.446977316
