price,volume,timestamp
2333.7,1,14:00:00.365808275
2333.7,3,14:00:00.432665621
2333.7,1,14:00:00.528665732
2333.7,1,14:00:00.943340430
2333.8,1,14:00:00.944076624
2333.8,1,14:00:00.944313976
2333.8,1,14:00:00.944588872
2333.9,1,14:00:01.026903203
2334.0,1,14:00:01.155813211
2334.1,2,14:00:01.710087517
2334.1,1,14:00:01.829523833
2334.0,5,14:00:02.401491980
2334.0,2,14:00:02.402374683
2333.9,1,14:00:03.342639272
2334.1,2,14:00:09.310921219
2334.1,7,14:00:09.311285937
2334.1,1,14:00:09.311333806
2334.2,1,14:00:09.344701488
2334.0,3,14:00:11.582995162
2334.1,1,14:00:11.583174469
2334.0,1,14:00:11.583358050
2334.0,1,14:00:11.583860809
2334.1,1,14:00:11.990554024
2334.0,1,14:00:12.024104389
2334.1,1,14:00:12.228085267
2334.2,3,14:00:12.228674074
2334.2,3,14:00:12.228762631
2334.4,1,14:00:12.291492365
2334.4,1,14:00:12.366445328
2334.3,1,14:00:12.470295423
2334.4,1,14:00:12.470635423
2334.5,2,14:00:13.625832607
2334.5,1,14:00:13.626713956
2334.5,1,14:00:13.626971759
2334.5,2,14:00:13.627169253
2334.5,1,14:00:13.627255781
2334.5,1,14:00:13.627295379
2334.4,3,14:00:13.627634671
2334.3,1,14:00:13.846274662
2334.3,1,14:00:14.183937770
2334.5,1,14:00:15.026430656
2334.4,4,14:00:15.026806295
2334.4,1,14:00:15.026935361
2334.4,1,14:00:15.153437021
2334.3,1,14:00:17.411710252
2334.3,1,14:00:18.200583840
2334.5,1,14:00:20.669093479
2334.5,1,14:00:20.765429377
2334.5,21,14:00:20.765790575
2334.6,1,14:00:20.767767363
2334.6,1,14:00:20.769230723
2334.6,1,14:00:20.769549901
2334.5,1,14:00:21.065863316
2334.6,1,14:00:21.202969952
2334.6,2,14:00:21.351666384
2334.7,5,14:00:21.351939890
2334.7,1,14:00:21.367113265
2334.8,1,14:00:22.883005992
2334.9,1,14:00:22.910096378
2334.9,2,14:00:23.343426318
2334.8,1,14:00:23.944019560
2334.8,3,14:00:26.156632754
2334.9,1,14:00:26.161261916
2334.9,1,14:00:26.280913397
2334.8,1,14:00:26.939997655
2334.8,1,14:00:26.940875420
2334.8,2,14:00:26.941334188
2334.9,1,14:00:27.490122678
2335.0,1,14:00:27.509706085
2335.0,1,14:00:27.510374828
2335.0,1,14:00:27.512405356
2334.9,1,14:00:27.704261213
2334.9,1,14:00:27.780908965
2334.9,1,14:00:28.000875021
2335.0,1,14:00:28.159308885
2335.1,1,14:00:28.173579570
2335.1,1,14:00:28.236422493
2335.1,1,14:00:28.236675323
2335.2,1,14:00:28.255491140
2335.1,1,14:00:28.740104162
2335.2,5,14:00:28.740404792
2335.2,1,14:00:28.751239687
2335.2,1,14:00:28.795580320
2335.2,1,14:00:28.795988847
2335.3,1,14:00:29.119743247
2335.3,2,14:00:31.025325138
2335.2,5,14:00:31.284268848
2335.2,1,14:00:31.284541932
2335.2,1,14:00:31.285085946
2335.3,1,14:00:31.458150345
2335.3,1,14:00:32.752358802
2335.3,1,14:00:32.754095835
2335.2,2,14:00:33.086738826
2335.3,1,14:00:33.467208963
2335.3,1,14:00:33.468975162
2335.3,1,14:00:34.056430884
2335.3,1,14:00:34.056675033
2335.3,1,14:00:34.097331150
2335.2,1,14:00:34.097645882
2335.3,1,14:00:34.888216288
2335.3,1,14:00:34.888634761
2335.3,1,14:00:34.889055012
2335.5,2,14:00:35.078871181
2335.4,8,14:00:35.078871181
2335.4,1,14:00:35.080688057
2335.3,1,14:00:35.135978432
2335.3,2,14:00:35.136204437
2335.3,1,14:00:35.387713551
2335.4,1,14:00:35.672606330
2335.5,1,14:00:36.007376599
2335.5,1,14:00:36.841629809
2335.5,2,14:00:38.422262973
2335.5,1,14:00:38.422898685
2335.5,1,14:00:38.423074781
2335.4,3,14:00:38.782773691
2335.4,2,14:00:38.783574789
2335.5,1,14:00:38.785199036
2335.4,6,14:00:39.099213690
2335.4,2,14:00:39.112522801
2335.5,4,14:00:42.572988865
2335.5,1,14:00:42.573149819
2335.5,1,14:00:42.573255697
2335.5,1,14:00:43.049394555
2335.6,2,14:00:43.787914118
2335.5,1,14:00:43.787914118
2335.5,1,14:00:43.800946291
2335.6,1,14:00:44.628070904
2335.5,1,14:00:44.628070904
2335.5,1,14:00:44.919584943
2335.5,1,14:00:45.720076636
2335.6,1,14:00:46.982025245
2335.6,2,14:00:46.982064999
2335.6,4,14:00:46.982122351
2335.5,4,14:00:46.982564478
2335.5,1,14:00:46.982703790
2335.4,1,14:00:46.984586094
2335.3,2,14:00:46.986229387
2335.4,1,14:00:47.968635479
2335.3,1,14:00:47.978760458
2335.3,2,14:00:48.415761155
2335.2,1,14:00:48.416973122
2335.3,1,14:00:49.239656051
2335.4,1,14:00:50.433529796
2335.3,2,14:00:52.085452728
2335.1,1,14:00:54.198524070
2335.0,2,14:00:54.785998859
2334.9,1,14:00:54.830324466
2334.8,2,14:00:54.849995332
2334.8,1,14:00:54.852862001
2334.9,1,14:00:55.011778585
2334.8,1,14:00:55.012243356
2334.7,1,14:00:55.095240036
2334.7,1,14:00:55.301712390
2334.6,1,14:00:55.302672493
2334.6,3,14:00:55.303013296
2334.5,10,14:00:55.307736661
2334.5,2,14:00:55.307746473
2334.4,1,14:00:55.727233482
2334.4,1,14:00:55.727550442
2334.5,1,14:00:56.011374468
2334.4,1,14:00:56.012475072
2334.4,1,14:00:56.963041382
2334.4,1,14:00:56.963155988
2334.4,1,14:00:56.963816156
2334.3,1,14:00:57.092659901
2334.3,3,14:00:57.092683655
2334.2,1,14:00:57.092775288
2334.3,2,14:00:57.319998160
2334.4,2,14:00:57.609310149
2334.5,6,14:00:57.609310149
2334.4,1,14:00:57.610464086
2334.4,1,14:00:57.727013933
2334.3,3,14:00:58.105785139
2334.3,1,14:00:58.106729433
2334.2,4,14:00:58.299206799
2334.2,1,14:00:58.299879530
2334.3,1,14:00:59.073924129
2334.1,1,14:00:59.126886612
2334.3,2,14:00:59.322059844
2334.1,1,14:00:59.467332998
2334.1,3,14:00:59.467390538
2334.1,1,14:00:59.468260918
2334.0,1,14:01:00.030112369
2334.0,1,14:01:00.030913080
2334.0,1,14:01:00.030956645
2334.0,1,14:01:00.095479942
2333.9,1,14:01:01.235728696
2333.9,3,14:01:01.235843805
2333.8,1,14:01:01.235877457
2333.9,1,14:01:01.269702771
2333.8,1,14:01:02.435559418
2333.7,3,14:01:02.435589691
2333.7,1,14:01:02.436583439
2333.7,4,14:01:03.403810483
2333.7,1,14:01:03.404476970
2333.8,1,14:01:03.788806923
2333.7,1,14:01:05.015924658
2333.7,1,14:01:05.461643693
2333.8,1,14:01:09.968307766
2333.8,1,14:01:09.970790469
2333.7,3,14:01:09.970931441
2333.8,1,14:01:10.207353793
2333.8,1,14:01:10.207765971
2334.0,1,14:01:11.614827034
2334.0,1,14:01:11.615093978
2334.1,5,14:01:11.647658462
2334.2,1,14:01:11.663869469
2334.3,1,14:01:11.735931702
2334.3,1,14:01:11.881670720
2334.2,1,14:01:12.121413806
2334.2,1,14:01:12.157782870
2334.3,1,14:01:12.679860781
2334.2,3,14:01:12.726748178
2334.2,2,14:01:12.726801454
2334.2,1,14:01:13.017010100
2334.2,1,14:01:13.368213685
2334.2,3,14:01:13.799733708
2334.1,1,14:01:13.944200068
2334.1,3,14:01:13.944534414
2334.3,1,14:01:14.908267610
2334.2,1,14:01:14.920051014
2334.1,2,14:01:17.354845992
2334.2,1,14:01:19.392241210
2334.2,1,14:01:21.148501241
2334.1,3,14:01:22.845225663
2334.1,1,14:01:24.412732952
2334.3,2,14:01:26.933872265
2334.3,1,14:01:27.686474017
2334.3,1,14:01:32.940198330
2334.2,1,14:01:33.334990426
2334.1,2,14:01:35.000802609
2334.2,1,14:01:35.711275350
2334.1,1,14:01:37.957004031
2334.0,5,14:01:37.957004031
2333.9,1,14:01:39.630009847
2333.9,1,14:01:41.463206688
2333.8,1,14:01:42.515555859
2333.8,1,14:01:42.515567811
2333.8,1,14:01:42.516415896
2333.8,1,14:01:42.597878250
2333.8,1,14:01:42.613552637
2333.8,1,14:01:43.789940964
2333.9,1,14:01:45.495743674
2333.8,1,14:01:45.924889321
2333.8,1,14:01:47.464817644
2333.8,1,14:01:49.701245676
2333.8,1,14:01:49.701546905
2333.8,1,14:01:49.701962897
2333.9,1,14:01:50.591080096
2333.9,1,14:01:53.044038061
2333.8,3,14:01:53.206932466
2333.6,1,14:01:53.802438413
2333.6,2,14:01:53.807400417
2333.7,1,14:01:53.808459478
2333.8,1,14:01:55.984615943
2333.8,1,14:01:55.984823477
2333.8,2,14:02:00.010404531
2333.8,1,14:02:00.010450838
2333.5,3,14:02:00.860535121
2333.6,1,14:02:00.870156989
2333.4,8,14:02:02.496995329
2333.5,3,14:02:02.496995329
2333.4,4,14:02:02.499008073
2333.4,1,14:02:02.499154992
2333.4,1,14:02:02.501277358
2333.3,3,14:02:02.501402746
2333.2,2,14:02:02.501412157
2333.2,1,14:02:02.501423866
2333.2,1,14:02:02.501870195
2333.3,1,14:02:02.502733403
2333.2,1,14:02:02.502991133
2333.3,1,14:02:02.503507031
2333.3,1,14:02:02.504044022
2333.3,1,14:02:02.504270884
2333.2,1,14:02:02.504375632
2333.2,1,14:02:02.504849766
2333.2,1,14:02:02.505285247
2333.3,1,14:02:02.505454511
2333.3,3,14:02:02.511060364
2333.3,1,14:02:02.513380645
2333.3,1,14:02:02.513679816
2333.3,1,14:02:02.513973222
2333.3,1,14:02:02.514071795
2333.4,9,14:02:02.517436326
2333.4,1,14:02:02.517490312
2333.4,2,14:02:02.517791918
2333.4,1,14:02:02.522785226
2333.4,6,14:02:02.524155874
2333.4,24,14:02:02.529534971
2333.4,1,14:02:02.530059920
2333.4,1,14:02:02.530295489
2333.3,1,14:02:02.539410800
2333.3,1,14:02:02.648283033
2333.4,1,14:02:02.666297233
2333.4,1,14:02:02.666557654
2333.4,1,14:02:02.666653599
2333.4,1,14:02:02.666848819
2333.4,1,14:02:02.667258206
2333.3,2,14:02:02.675613130
2333.4,1,14:02:02.799284091
2333.4,3,14:02:02.840541672
2333.4,1,14:02:02.840627562
2333.4,1,14:02:02.867876611
2333.4,1,14:02:02.868048676
2333.4,1,14:02:02.868324384
2333.3,1,14:02:03.119495390
2333.3,1,14:02:04.062813331
2333.4,1,14:02:04.285163788
2333.4,1,14:02:04.285265444
2333.4,1,14:02:04.285406756
2333.4,1,14:02:04.285958910
2333.3,1,14:02:04.879484417
2333.5,5,14:02:05.662596313
2333.4,1,14:02:05.662743980
2333.4,1,14:02:05.663462725
2333.6,6,14:02:05.663651144
2333.6,1,14:02:05.766725858
2333.7,1,14:02:05.883341163
2333.7,1,14:02:07.098741279
2333.7,1,14:02:07.099137610
2333.8,1,14:02:07.634243917
2333.7,2,14:02:07.634243917
2333.7,1,14:02:07.635211524
2333.6,9,14:02:09.753475509
2333.6,1,14:02:10.233385357
2333.7,1,14:02:10.279647064
2333.7,1,14:02:12.125425202
2333.7,1,14:02:12.423404543
2333.7,1,14:02:13.492488465
2333.5,3,14:02:14.371519487
2333.6,2,14:02:14.371519487
2333.6,1,14:02:15.588212821
2333.6,1,14:02:15.588431520
2333.5,1,14:02:16.631151259
2333.6,1,14:02:17.690143011
2333.7,1,14:02:17.692096528
2333.8,1,14:02:17.773765128
2333.8,1,14:02:17.774164102
2333.7,1,14:02:18.145233713
2333.8,1,14:02:18.145749697
2333.7,6,14:02:19.651464801
2333.6,1,14:02:20.671537056
2333.6,1,14:02:22.329516344
2333.7,6,14:02:22.851805716
2333.7,2,14:02:22.852245252
2333.7,2,14:02:22.852694781
2333.7,2,14:02:22.852712925
2333.7,2,14:02:22.852732520
2333.8,1,14:02:22.853589890
2333.9,1,14:02:23.867239389
2333.9,1,14:02:23.867504940
2334.0,1,14:02:23.887815509
2334.0,1,14:02:23.891690570
2334.0,1,14:02:23.891878731
2333.9,1,14:02:24.197546483
2333.8,3,14:02:24.538052810
2334.0,8,14:02:29.928349808
2334.0,1,14:02:29.929091977
2334.0,1,14:02:30.269835666
2334.0,3,14:02:30.270037859
2334.1,1,14:02:30.473640272
2334.1,1,14:02:31.499274693
2334.2,1,14:02:31.535119174
2334.2,2,14:02:31.535446483
2334.2,2,14:02:31.536881770
2334.2,1,14:02:33.073073928
2334.0,1,14:02:33.870450688
2334.0,1,14:02:33.870740070
2333.9,1,14:02:36.095952267
2333.8,1,14:02:36.097200711
2333.9,1,14:02:39.993626896
2333.9,1,14:02:40.811842472
2333.9,1,14:02:40.811882716
2333.7,2,14:02:41.215592144
2333.7,2,14:02:41.215986108
2333.7,4,14:02:41.216145215
2333.8,1,14:02:41.216682745
2333.8,1,14:02:45.314200626
2333.9,1,14:02:45.966903108
2333.9,1,14:02:46.001992051
2333.8,2,14:02:46.288132646
2334.0,1,14:02:51.273374836
2333.9,1,14:02:51.361242902
2333.9,1,14:02:52.107963469
2333.9,1,14:02:52.109447425
2333.9,1,14:02:52.556429573
2334.0,6,14:02:55.037721707
2334.1,7,14:02:55.141413621
2334.1,3,14:02:55.142628475
2334.2,1,14:02:55.143058397
2334.0,1,14:02:55.293832425
2334.0,1,14:02:55.299344018
2334.0,1,14:02:56.100919809
2334.1,1,14:02:56.821709439
2334.1,1,14:02:57.813222883
2334.1,1,14:02:57.813476140
2333.9,6,14:03:00.051270631
2333.9,1,14:03:00.126211838
2334.0,3,14:03:00.515466429
2333.9,1,14:03:00.806716742
2334.0,1,14:03:01.981912245
2334.1,2,14:03:02.052299052
2334.2,1,14:03:04.402654138
2334.1,2,14:03:04.402758470
2334.1,1,14:03:04.403633723
2334.1,1,14:03:04.423761329
2334.1,1,14:03:05.185830584
2334.0,2,14:03:05.186140187
2334.0,1,14:03:05.472647427
2334.0,1,14:03:05.473375660
2334.0,1,14:03:07.925356845
2334.0,1,14:03:09.069040446
2334.1,1,14:03:10.097869698
2334.1,1,14:03:10.097928036
2334.1,2,14:03:10.422829080
2334.2,1,14:03:12.737942177
2334.1,2,14:03:12.737942177
2334.2,1,14:03:13.199253181
2334.3,1,14:03:13.554351223
2334.3,1,14:03:13.554744949
2334.3,1,14:03:13.554817088
2334.3,1,14:03:13.554933900
2334.3,1,14:03:13.809079326
2334.2,4,14:03:14.665369601
2334.2,1,14:03:15.201388803
2334.2,1,14:03:15.520388671
2334.1,1,14:03:16.875146790
2334.1,1,14:03:16.875291177
2334.0,1,14:03:17.012336874
2333.9,1,14:03:18.792574938
2333.8,5,14:03:18.793092831
2333.7,3,14:03:18.793102748
2333.7,2,14:03:18.794174901
2333.7,4,14:03:18.794252093
2333.8,1,14:03:18.794641169
2333.8,2,14:03:18.795239527
2333.7,1,14:03:18.795347948
2333.7,1,14:03:21.732252982
2333.8,3,14:03:22.991797979
2333.9,2,14:03:22.991797979
2333.8,1,14:03:22.993458852
2333.7,1,14:03:25.804574001
2333.6,31,14:03:25.804574001
2333.6,1,14:03:25.806529629
2333.5,2,14:03:25.807993223
2333.4,2,14:03:25.809416887
2333.4,2,14:03:25.810039437
2333.4,1,14:03:25.810629190
2333.4,3,14:03:25.810717316
2333.3,1,14:03:25.812943112
2333.4,1,14:03:25.818062870
2333.4,1,14:03:25.818527862
2333.4,1,14:03:25.818701062
2333.5,1,14:03:25.823563570
2333.4,1,14:03:25.842562731
2333.6,1,14:03:26.013039865
2333.4,4,14:03:27.132826142
2333.3,1,14:03:27.132826142
2333.5,2,14:03:27.202345739
2333.5,1,14:03:27.503799699
2333.4,1,14:03:28.409242423
2333.5,3,14:03:28.592955761
2333.5,1,14:03:28.890379699
2333.4,1,14:03:29.276604543
2333.3,1,14:03:29.277004871
2333.3,2,14:03:29.277101302
2333.3,8,14:03:29.277309255
2333.3,1,14:03:29.278982143
2333.3,1,14:03:29.287607056
2333.3,1,14:03:29.287732195
2333.3,1,14:03:29.287786701
2333.3,2,14:03:29.287889981
2333.4,5,14:03:29.295425720
2333.4,5,14:03:29.300721427
2333.5,10,14:03:29.301129246
2333.4,19,14:03:29.301129246
2333.6,1,14:03:29.509711220
2333.6,1,14:03:29.510231506
2333.6,1,14:03:29.694049929
2333.7,3,14:03:29.694543033
2333.7,3,14:03:29.694641086
2333.8,2,14:03:29.696188945
2333.9,1,14:03:29.698689491
2334.0,1,14:03:29.805241452
2334.0,1,14:03:29.805549602
2334.0,2,14:03:30.698609758
2334.0,1,14:03:30.699203812
2334.0,1,14:03:30.745388151
2333.9,3,14:03:31.484711001
2333.9,1,14:03:32.116434787
2334.0,1,14:03:32.262676654
2334.0,1,14:03:33.216016366
2333.8,1,14:03:35.949039256
2333.8,1,14:03:35.949420742
2333.9,1,14:03:36.129699170
2334.0,1,14:03:36.939960817
2334.0,1,14:03:38.712183150
2334.1,1,14:03:38.727913382
2334.3,10,14:03:39.634343311
2334.4,2,14:03:39.634343311
2334.4,1,14:03:39.634359885
2334.4,2,14:03:39.646338498
2334.4,2,14:03:40.079090991
2334.4,1,14:03:40.083612138
2334.3,1,14:03:41.145602257
2334.4,1,14:03:42.913128630
2334.4,1,14:03:42.913793546
2334.4,3,14:03:43.595941181
2334.5,1,14:03:43.810808509
2334.5,1,14:03:46.489507206
2334.4,1,14:03:47.610556624
2334.5,1,14:03:48.400615509
2334.5,1,14:03:50.330001129
2334.4,1,14:03:50.684844699
2334.5,3,14:03:50.685763936
2334.5,1,14:03:50.686658201
2334.5,1,14:03:50.686699831
2334.6,3,14:03:51.501743172
2334.6,1,14:03:51.502665472
2334.7,7,14:03:51.503202072
2334.7,1,14:03:51.504649327
2334.7,1,14:03:51.505050007
2334.6,3,14:03:52.159905644
2334.6,2,14:03:52.269347784
2334.6,1,14:03:54.442168331
2334.5,1,14:03:56.890043896
2334.5,1,14:03:57.597209305
2334.4,1,14:03:57.791122704
2334.4,3,14:03:59.110200325
2334.3,3,14:04:00.400313030
2334.2,1,14:04:00.408908720
2334.1,2,14:04:00.748850598
2334.0,1,14:04:00.748862099
2334.1,1,14:04:00.796901560
2334.1,1,14:04:00.886640171
2334.2,1,14:04:01.430309162
2334.1,1,14:04:01.565956708
2334.2,2,14:04:01.640546095
2334.1,2,14:04:02.599412235
2334.0,3,14:04:02.712042740
2334.1,1,14:04:03.408079785
2334.0,2,14:04:03.408124719
2334.0,1,14:04:04.595898407
2333.9,1,14:04:04.755596868
2333.9,1,14:04:06.990503758
2333.9,2,14:04:07.143572415
2333.8,1,14:04:08.824035440
2333.8,3,14:04:08.824252751
2333.9,1,14:04:08.824361405
2333.9,2,14:04:09.300899565
2333.9,1,14:04:09.301262429
2333.8,3,14:04:09.973634691
2333.9,3,14:04:09.974443041
2333.9,1,14:04:09.974852329
2333.6,2,14:04:12.229899624
2333.7,1,14:04:12.229899624
2333.7,1,14:04:13.171997529
2333.8,1,14:04:13.813274163
2333.7,1,14:04:13.825221391
2333.7,1,14:04:14.559869518
2333.7,1,14:04:18.380351429
2333.6,1,14:04:19.483894207
2333.5,1,14:04:19.493185154
2333.4,2,14:04:20.070212523
2333.5,1,14:04:20.070699931
2333.3,2,14:04:20.839921119
2333.4,4,14:04:20.839921119
2333.5,1,14:04:20.841915863
2333.5,2,14:04:20.842203991
2333.5,1,14:04:20.842332997
2333.5,1,14:04:23.322722005
2333.6,1,14:04:23.541898608
2333.4,3,14:04:23.905225135
2333.5,1,14:04:23.905225135
2333.5,1,14:04:26.180966159
2333.6,8,14:04:28.113749048
2333.5,2,14:04:28.113749048
2333.7,2,14:04:28.113749048
2333.6,1,14:04:29.489029936
2333.6,1,14:04:29.489178310
2333.7,3,14:04:29.803788294
2333.7,3,14:04:33.173589164
2333.8,1,14:04:33.174269290
2333.8,2,14:04:33.174624616
2333.9,2,14:04:33.187234906
2333.9,1,14:04:34.280241315
2333.9,1,14:04:36.448208061
2333.8,3,14:04:39.516631562
2334.0,1,14:04:44.462249000
2334.0,2,14:04:44.470522492
2333.9,2,14:04:45.477969063
2334.0,1,14:04:45.896608407
2333.9,1,14:04:49.041003149
2333.9,2,14:04:49.892141128
2333.8,3,14:04:49.907818304
2333.9,1,14:04:49.907818304
2333.9,1,14:04:50.458106667
2334.0,6,14:04:51.139940335
2334.1,4,14:04:51.139940335
2334.1,1,14:04:51.578348053
2334.1,1,14:04:52.571249817
2334.0,1,14:04:55.058323976
2334.0,2,14:04:57.328227045
2334.0,1,14:04:57.328270482
2334.0,1,14:04:57.330014389
2334.0,1,14:05:00.600270937
2334.0,2,14:05:00.692218412
2334.0,1,14:05:00.695593251
2334.0,1,14:05:01.308233265
2334.2,2,14:05:02.001889055
2334.1,1,14:05:02.166567866
2334.1,3,14:05:03.816441696
2334.2,1,14:05:08.287001012
2334.5,2,14:05:09.919213918
2334.5,1,14:05:09.919434946
2334.6,2,14:05:10.855943354
2334.6,2,14:05:10.856467829
2334.6,2,14:05:10.856507193
2334.6,1,14:05:10.856670223
2334.7,5,14:05:11.804505150
2334.7,1,14:05:11.804724889
2334.7,1,14:05:11.805664688
2334.7,1,14:05:12.411092802
2334.8,3,14:05:13.434358485
2334.7,1,14:05:13.477309045
2334.7,1,14:05:13.477350233
2334.6,1,14:05:16.341555261
2334.6,1,14:05:16.760594302
2334.4,2,14:05:18.411069655
2334.5,1,14:05:21.602674683
2334.5,1,14:05:21.603676595
2334.6,5,14:05:24.779530352
2334.7,1,14:05:26.833434392
2334.9,1,14:05:29.353219319
2334.8,4,14:05:29.353219319
2334.9,1,14:05:30.023604013
2334.9,1,14:05:30.023950398
2334.9,1,14:05:30.024832434
2334.9,1,14:05:30.781923254
2334.8,2,14:05:31.839065019
2334.7,1,14:05:31.882128296
2334.8,1,14:05:31.882644633
2334.7,1,14:05:34.371400036
2334.7,1,14:05:34.371955542
2334.7,1,14:05:38.140127879
2334.8,1,14:05:40.987105425
2334.6,1,14:05:44.081964741
2334.6,1,14:05:44.082140975
2334.5,2,14:05:44.404856072
2334.4,2,14:05:44.404868078
2334.4,1,14:05:44.525478444
2334.3,1,14:05:44.596623652
2334.4,2,14:05:44.630306283
2334.5,1,14:05:45.363742303
2334.6,1,14:05:45.363742303
2334.5,1,14:05:45.364474011
2334.5,2,14:05:49.871448269
2334.4,1,14:05:50.791335052
2334.6,1,14:05:53.089047515
2334.6,1,14:05:53.089390479
2334.6,2,14:05:54.312474731
2334.6,1,14:05:59.541060843
2334.5,2,14:06:00.953616037
2334.6,1,14:06:01.050001374
2334.6,2,14:06:01.636734092
2334.5,1,14:06:01.882818356
2334.5,1,14:06:01.882908809
2334.4,3,14:06:02.265970141
2334.5,1,14:06:02.266545188
2334.6,1,14:06:03.225601789
2334.6,1,14:06:06.684066761
2334.7,1,14:06:06.883685495
2334.6,1,14:06:07.915786088
2334.6,1,14:06:09.431377594
2334.6,1,14:06:09.431699989
2334.5,4,14:06:11.331056052
2334.6,1,14:06:11.331056052
2334.5,5,14:06:11.440918020
2334.5,2,14:06:11.441330985
2334.5,1,14:06:11.442097266
2334.5,1,14:06:11.686625749
2334.4,1,14:06:12.022786178
2334.4,2,14:06:12.958794390
2334.5,1,14:06:16.823353692
2334.4,1,14:06:17.613516643
2334.4,1,14:06:18.068926086
2334.5,1,14:06:18.411311756
2334.4,1,14:06:18.780488792
2334.3,1,14:06:19.935774403
2334.4,1,14:06:20.677327328
2334.5,1,14:06:21.052821001
2334.6,1,14:06:22.215197808
2334.7,2,14:06:22.345494108
2334.7,3,14:06:25.155854728
2334.6,1,14:06:25.301477404
2334.6,1,14:06:27.274955626
2334.5,1,14:06:31.850561016
2334.6,1,14:06:33.096637119
2334.6,1,14:06:33.574215664
2334.6,1,14:06:33.925646566
2334.5,1,14:06:42.407712917
2334.5,1,14:06:43.900242477
2334.6,1,14:06:46.421364098
2334.5,2,14:06:54.666655280
2334.4,2,14:07:00.196355224
2334.4,1,14:07:00.196458403
2334.3,3,14:07:02.279677480
2334.4,1,14:07:04.249021341
2334.4,2,14:07:04.943008567
2334.2,17,14:07:04.955590829
2334.3,3,14:07:04.955590829
2334.3,1,14:07:04.957881254
2334.3,1,14:07:04.958826502
2334.2,1,14:07:04.964045961
2334.1,1,14:07:04.967788208
2334.1,1,14:07:05.071526986
2334.2,1,14:07:05.071526986
2334.1,1,14:07:09.291404081
2334.0,2,14:07:14.061462263
2334.0,1,14:07:14.061494404
2333.9,1,14:07:14.086413146
2333.9,1,14:07:14.086425171
2333.8,1,14:07:14.320502919
2333.7,2,14:07:14.320515732
2333.8,1,14:07:16.752011378
2333.9,1,14:07:16.949946719
2333.9,1,14:07:20.092227926
2334.0,1,14:07:21.586337390
2333.9,1,14:07:21.756442408
2334.0,1,14:07:23.639742551
2334.0,1,14:07:25.432976268
2334.0,1,14:07:25.469408768
2334.0,1,14:07:25.577187569
2334.0,1,14:07:26.280471686
2334.1,1,14:07:27.520531454
2334.0,1,14:07:27.592391591
2334.1,1,14:07:27.642369802
2334.2,2,14:07:27.806343633
2334.2,1,14:07:27.806503405
2334.3,1,14:07:27.808218278
2334.3,1,14:07:28.905032849
2334.4,3,14:07:30.143576562
2334.4,2,14:07:30.143749482
2334.2,3,14:07:31.912856662
2334.2,1,14:07:31.914062229
2334.1,2,14:07:31.962430664
2334.1,1,14:07:31.962775425
2334.2,2,14:07:38.033348248
2334.1,1,14:07:38.696659580
2334.1,1,14:07:40.998973899
2334.0,1,14:07:42.065453433
2334.0,1,14:07:42.065499108
2334.0,1,14:07:42.065572488
2334.0,1,14:07:42.065694724
2334.0,1,14:07:44.858034480
2334.2,1,14:07:47.469321728
2334.1,2,14:07:48.010272887
2334.1,1,14:07:48.107237975
2334.2,1,14:07:50.325668021
2334.2,1,14:07:53.435549450
2334.1,2,14:07:53.435675116
2334.2,1,14:07:53.435675116
2334.1,1,14:07:53.436244437
2334.1,3,14:07:53.436622498
2334.1,1,14:07:53.439188502
2334.0,1,14:07:53.739377366
2334.0,1,14:07:53.739944926
2334.0,1,14:07:53.744040638
2333.9,2,14:07:54.431860955
2334.0,1,14:07:54.464607628
2333.9,1,14:07:55.402468295
2333.8,3,14:07:55.402535509
2333.8,1,14:07:55.402602093
2333.9,1,14:07:55.503811585
2333.9,1,14:07:57.191726744
2333.8,1,14:07:58.926096226
2333.8,1,14:07:58.926299273
2333.7,5,14:08:00.034439949
2333.6,1,14:08:00.036504851
2333.6,1,14:08:00.036745442
2333.6,1,14:08:00.037778008
2333.6,1,14:08:00.038144100
2333.5,1,14:08:01.059812140
2333.6,2,14:08:03.568472924
2333.7,1,14:08:04.225582158
2333.7,1,14:08:05.041633733
2333.8,1,14:08:06.330240630
2333.8,2,14:08:06.330340021
2333.9,1,14:08:07.043350252
2333.9,1,14:08:07.043360374
2333.9,1,14:08:08.611503899
2334.0,1,14:08:11.481982049
2334.0,3,14:08:11.482220179
2334.0,1,14:08:11.482386953
2334.0,2,14:08:11.482444401
2334.1,3,14:08:11.483550915
2334.3,1,14:08:16.493616469
2334.3,1,14:08:16.493847123
2334.3,1,14:08:17.196735860
2334.2,1,14:08:17.214031462
2334.2,1,14:08:17.547382355
2334.4,3,14:08:19.229399396
2334.3,1,14:08:20.063707792
2334.4,1,14:08:21.087439885
2334.4,1,14:08:21.739385760
2334.4,2,14:08:22.236734829
2334.4,3,14:08:22.237024796
2334.5,1,14:08:23.035470887
2334.4,1,14:08:25.171896467
2334.4,1,14:08:26.246888469
2334.5,1,14:08:26.738544876
2334.6,4,14:08:27.758842113
2334.5,1,14:08:27.759377270
2334.6,1,14:08:27.759636488
2334.5,1,14:08:27.760736139
2334.7,1,14:08:30.191122159
2334.7,2,14:08:30.336686158
2334.9,14,14:08:30.876007680
2334.8,1,14:08:30.876007680
2334.8,2,14:08:30.877036447
2334.8,1,14:08:30.877402556
2334.9,5,14:08:31.309069766
2334.9,1,14:08:31.315308512
2335.0,1,14:08:33.666248263
2334.9,2,14:08:34.081298279
2334.9,1,14:08:34.081478030
2334.9,1,14:08:34.081523932
2334.9,1,14:08:37.249636279
2334.7,3,14:08:39.182458313
2334.8,1,14:08:39.183231865
2334.7,1,14:08:39.183588490
2334.9,6,14:08:42.600909730
2334.8,1,14:08:45.820651528
2335.0,1,14:08:55.013916626
2335.1,1,14:08:58.433296390
2335.2,1,14:08:58.433308889
2335.1,1,14:09:00.088297699
2335.2,1,14:09:01.072801367
2335.1,1,14:09:01.443025447
2335.1,1,14:09:01.443602262
2335.0,6,14:09:03.071076723
2335.0,1,14:09:03.072325194
2335.0,1,14:09:03.073143885
2335.0,1,14:09:03.073817509
2334.9,1,14:09:03.164233078
2335.0,1,14:09:03.474282576
2335.1,4,14:09:03.474282576
2335.0,1,14:09:03.475652323
2335.0,2,14:09:04.491425180
2335.0,1,14:09:04.505653195
2335.3,1,14:09:07.817954172
2335.3,2,14:09:09.116656241
2335.2,1,14:09:09.125107266
2335.4,1,14:09:10.590039424
2335.4,1,14:09:10.590184848
2335.4,1,14:09:10.842541942
2335.5,1,14:09:10.996617636
2335.5,1,14:09:11.128761777
2335.3,1,14:09:12.183969938
2335.4,1,14:09:12.184595301
2335.5,3,14:09:13.665253182
2335.5,1,14:09:13.665524292
2335.5,1,14:09:13.665599529
2335.5,2,14:09:13.696465320
2335.5,1,14:09:13.696670642
2335.5,1,14:09:13.696722919
2335.5,4,14:09:13.701185744
2335.5,1,14:09:15.408033455
2335.6,1,14:09:15.555193502
2335.6,3,14:09:15.555203338
2335.6,2,14:09:15.579003882
2335.6,1,14:09:16.594095727
2335.6,2,14:09:16.594394971
2335.6,1,14:09:16.594438684
2335.7,1,14:09:18.058982549
2335.7,1,14:09:21.097837781
2335.6,5,14:09:23.179988988
2335.5,2,14:09:23.441578113
2335.4,1,14:09:23.616067793
2335.6,2,14:09:30.013788008
2335.6,2,14:09:30.013814726
2335.6,1,14:09:30.014336652
2335.7,2,14:09:31.286992123
2335.6,1,14:09:31.428113981
2335.7,1,14:09:31.428666875
2335.8,1,14:09:31.703487619
2335.8,1,14:09:31.703501286
2335.7,1,14:09:32.406274096
2335.6,1,14:09:38.057468733
2335.6,8,14:09:44.796910577
2335.5,4,14:09:44.796910577
2335.6,1,14:09:44.816145312
2335.8,1,14:09:44.875971751
2335.9,3,14:09:46.399302872
2335.8,2,14:09:46.400200248
2335.8,1,14:09:46.400615689
2335.7,3,14:09:49.985761299
2335.8,1,14:09:51.055870374
2335.8,2,14:09:55.339407819
2335.8,1,14:09:55.339458079
2335.8,2,14:09:57.915537664
2335.7,2,14:09:57.987660084
2335.7,1,14:09:57.987736044
2335.7,1,14:09:57.987928598
2335.7,2,14:09:57.987975882
2335.8,1,14:09:57.988775463
2335.7,1,14:09:57.989380332
2335.7,1,14:09:57.989739243
2335.7,1,14:09:57.989845437
2335.7,2,14:10:00.009361792
2335.8,1,14:10:00.766268951
2335.8,1,14:10:00.766501896
2335.8,2,14:10:01.872549104
2336.0,2,14:10:02.252719643
2336.0,3,14:10:02.649490287
2336.0,1,14:10:02.739846588
2336.0,1,14:10:02.925637402
2336.0,1,14:10:03.516667372
2335.9,1,14:10:04.021359518
2336.0,2,14:10:05.023619190
2336.0,2,14:10:05.023902904
2336.0,1,14:10:05.023925874
2336.0,1,14:10:05.024148047
2336.0,7,14:10:05.657045344
2336.2,1,14:10:05.864581888
2336.1,16,14:10:05.864581888
2336.1,1,14:10:05.866544222
2336.0,1,14:10:06.471843564
2336.0,1,14:10:10.667596837
2335.9,1,14:10:11.318403944
2335.8,1,14:10:15.120292225
2335.7,1,14:10:15.156265956
2335.8,1,14:10:18.323398137
2335.8,1,14:10:18.323474836
2335.8,1,14:10:19.408307499
2335.7,8,14:10:20.594677637
2335.6,3,14:10:20.595564499
2335.6,2,14:10:21.714201399
2335.4,1,14:10:22.733319413
2335.2,1,14:10:24.307999003
2335.1,1,14:10:24.308009294
2335.2,2,14:10:26.295563819
2335.2,1,14:10:27.443900876
2335.3,2,14:10:27.646484517
2335.3,1,14:10:29.084923753
2335.2,1,14:10:30.263384047
2335.3,1,14:10:32.532574040
2335.3,2,14:10:33.389048020
2335.4,4,14:10:34.151475016
2335.2,3,14:10:34.528503661
2335.2,1,14:10:34.529113703
2335.2,1,14:10:41.263154919
2335.1,1,14:10:46.569403256
2335.0,1,14:10:47.454160674
2334.9,1,14:10:47.454834198
2334.9,1,14:10:48.357777875
2334.9,1,14:10:54.176812652
2334.8,1,14:10:56.332317541
2334.8,1,14:10:56.332360601
2334.8,1,14:10:56.345032057
2334.9,1,14:10:57.213871075
2335.0,1,14:10:59.599842198
2335.0,2,14:11:00.051663402
2335.0,1,14:11:00.052705912
2335.0,1,14:11:01.247227776
2334.8,2,14:11:02.162163478
2334.7,1,14:11:02.163952973
2334.7,1,14:11:02.390966702
2334.8,2,14:11:04.511810895
2334.8,1,14:11:04.512568481
2335.0,1,14:11:07.106991968
2335.0,1,14:11:09.897889073
2335.0,1,14:11:09.898137580
2334.9,4,14:11:11.163025625
2334.9,1,14:11:14.406778617
2335.0,1,14:11:14.412593940
2335.0,1,14:11:14.412637304
2335.2,1,14:11:14.498702702
2335.1,2,14:11:14.498702702
2335.1,1,14:11:14.500492441
2335.1,1,14:11:14.500813053
2335.2,2,14:11:15.906108568
2335.2,1,14:11:19.474646472
2335.2,1,14:11:20.251604094
2335.1,1,14:11:20.991509323
2335.1,1,14:11:25.096546640
2335.3,5,14:11:25.201585522
2335.4,1,14:11:26.040187808
2335.4,1,14:11:26.040195348
2335.3,2,14:11:26.682087436
2335.4,4,14:11:27.304605012
2335.4,1,14:11:29.037212358
2335.4,1,14:11:29.927539711
2335.4,2,14:11:29.927670754
2335.4,1,14:11:29.927741872
2335.6,1,14:11:29.977348134
2335.6,1,14:11:32.043651085
2335.7,1,14:11:34.660488030
2335.7,2,14:11:34.660646731
2335.7,1,14:11:34.660824709
2335.7,8,14:11:34.660877673
2335.8,1,14:11:35.917935337
2335.8,3,14:11:36.023868023
2335.7,1,14:11:36.207351486
2336.0,1,14:11:39.345086852
2335.9,1,14:11:40.179576998
2335.8,4,14:11:40.296080831
2335.8,1,14:11:40.296621053
2335.8,2,14:11:40.307457838
2335.7,2,14:11:40.924525246
2335.8,1,14:11:41.033866007
2336.0,2,14:11:42.695551139
2335.9,8,14:11:42.695551139
2335.8,1,14:11:42.696578200
2335.8,1,14:11:42.696609365
2335.8,2,14:11:42.697722258
2335.8,1,14:11:42.697773427
2335.8,1,14:11:42.698231046
2335.9,1,14:11:42.698456292
2335.7,1,14:11:43.436600025
2336.0,1,14:11:44.964765018
2335.9,1,14:11:46.579011872
2335.8,1,14:11:47.014199561
2335.8,1,14:11:47.014237667
2335.8,1,14:11:47.044093011
2335.8,1,14:11:48.616236127
2335.6,1,14:11:49.990061599
2335.6,1,14:11:50.060833322
2335.5,1,14:11:51.697419934
2335.5,1,14:11:53.042496630
2335.6,1,14:11:56.054406579
2335.6,1,14:11:56.305515271
2335.6,1,14:12:00.013257311
2335.5,1,14:12:00.137363421
2335.5,1,14:12:00.137401661
2335.4,2,14:12:01.585436296
2335.3,3,14:12:01.721340485
2335.3,1,14:12:01.722441176
2335.4,1,14:12:02.048240003
2335.4,1,14:12:03.658247550
2335.4,1,14:12:04.039775366
2335.4,1,14:12:05.029379205
2335.4,3,14:12:05.418241016
2335.3,1,14:12:06.087506392
2335.4,1,14:12:08.040871369
2335.4,1,14:12:08.301613809
2335.4,1,14:12:09.358321230
2335.4,1,14:12:09.792086023
2335.3,2,14:12:11.061043658
2335.3,1,14:12:12.126280823
2335.2,4,14:12:12.488677472
2335.2,1,14:12:14.030484759
2335.3,2,14:12:15.037742893
2335.2,1,14:12:15.132216159
2335.1,2,14:12:15.132216159
2335.1,1,14:12:15.133389306
2335.2,4,14:12:21.040446277
2335.1,1,14:12:21.040483875
2335.1,1,14:12:25.343389578
2335.0,1,14:12:30.645952937
2335.1,1,14:12:32.764089332
2335.1,1,14:12:37.595389399
2334.9,3,14:12:39.804084168
2335.0,1,14:12:40.386095008
2334.9,2,14:12:42.437659634
2334.9,1,14:12:42.437898714
2335.0,1,14:12:54.796775465
2335.1,2,14:12:54.844532495
2335.2,1,14:12:55.057663645
2335.2,1,14:12:55.121808909
2335.0,2,14:12:58.490854496
2335.0,4,14:13:00.650097296
2335.0,1,14:13:00.650744848
2335.1,1,14:13:00.701704266
2335.1,1,14:13:01.326312470
2335.2,1,14:13:04.892672459
2335.4,5,14:13:05.291787937
2335.4,1,14:13:05.291800655
2335.5,1,14:13:06.032516363
2335.4,2,14:13:06.338272984
2335.5,1,14:13:06.615758379
2335.4,2,14:13:08.285119578
2335.5,1,14:13:08.287745112
2335.4,3,14:13:13.071799539
2335.4,1,14:13:13.072525055
2335.3,2,14:13:14.294251552
2335.2,2,14:13:14.501930162
2335.4,2,14:13:20.945704195
2335.3,4,14:13:20.946058409
2335.4,2,14:13:20.946348615
2335.4,1,14:13:20.946397738
2335.4,1,14:13:20.947522682
2335.5,2,14:13:22.969132749
2335.5,1,14:13:22.969574347
2335.6,1,14:13:23.123408375
2335.6,1,14:13:23.127218311
2335.7,6,14:13:23.875504965
2335.7,2,14:13:24.174904933
2335.9,1,14:13:24.775971967
2335.8,1,14:13:24.888561272
2335.9,1,14:13:25.526914333
2335.9,1,14:13:25.526987243
2335.9,2,14:13:25.592093579
2336.0,1,14:13:26.308903902
2336.0,1,14:13:26.309119051
2336.0,4,14:13:26.309211409
2336.0,1,14:13:26.309432501
2336.0,2,14:13:26.309665303
2336.1,5,14:13:26.340685376
2336.1,1,14:13:26.341033178
2336.1,2,14:13:26.341164861
2336.2,1,14:13:26.344045011
2336.3,1,14:13:27.816923804
2336.3,1,14:13:27.820873116
2336.3,1,14:13:27.821117116
2336.4,1,14:13:27.844329661
2336.4,4,14:13:27.844716951
2336.4,1,14:13:27.852736652
2336.4,1,14:13:27.852965467
2336.4,1,14:13:28.177226779
2336.4,1,14:13:28.610611366
2336.4,2,14:13:28.610972458
2336.5,1,14:13:28.614952874
2336.5,1,14:13:28.614968682
2336.4,1,14:13:28.615421648
2336.4,1,14:13:28.615660360
2336.3,4,14:13:30.686142540
2336.2,1,14:13:30.943361140
2336.2,1,14:13:30.944192129
2336.3,1,14:13:31.531348843
2336.2,3,14:13:32.019694516
2336.2,1,14:13:32.019898934
2336.2,1,14:13:32.199022418
2336.4,2,14:13:36.355258846
2336.3,2,14:13:36.773556185
2336.3,1,14:13:36.773588102
2336.3,1,14:13:36.775218208
2336.4,1,14:13:39.090362445
2336.3,1,14:13:40.541580580
2336.2,1,14:13:41.257716851
2336.2,1,14:13:41.258176409
2336.2,2,14:13:41.834168208
2336.2,3,14:13:43.344178991
2336.3,1,14:13:45.836201502
2336.4,1,14:13:46.391861691
2336.4,2,14:13:46.503077645
2336.5,5,14:13:47.689977295
2336.4,5,14:13:47.689977295
2336.3,1,14:13:48.151358701
2336.2,2,14:13:48.201157680
2336.4,1,14:13:48.801943509
2336.4,2,14:13:49.572701691
2336.4,1,14:13:50.488895520
2336.5,8,14:13:52.438469377
2336.4,2,14:13:52.438469377
2336.4,1,14:13:52.444193559
2336.5,1,14:13:52.637541781
2336.5,1,14:13:54.106654968
2336.5,1,14:13:54.205853416
2336.6,1,14:13:54.744659942
2336.5,1,14:13:54.752279941
2336.6,2,14:13:55.080838333
2336.5,1,14:13:57.080242774
2336.5,1,14:13:57.080494641
2336.6,8,14:13:57.082658438
2336.5,2,14:13:57.082658438
2336.5,1,14:13:57.084175272
2336.5,1,14:14:00.360179604
2336.4,4,14:14:00.820461494
2336.5,8,14:14:01.571325186
2336.6,2,14:14:01.571325186
2336.4,1,14:14:01.573227478
2336.4,1,14:14:01.700793885
2336.4,1,14:14:02.553888180
2336.3,2,14:14:03.115515707
2336.3,1,14:14:03.115990683
2336.3,2,14:14:04.338477890
2336.3,1,14:14:06.112590713
2336.4,3,14:14:07.437198621
2336.5,7,14:14:07.437198621
2336.4,4,14:14:08.788801208
2336.4,1,14:14:09.372281529
2336.3,2,14:14:09.532229251
2336.4,3,14:14:09.897720376
2336.3,1,14:14:10.600212948
2336.4,2,14:14:10.863686464
2336.3,1,14:14:10.918097221
2336.3,1,14:14:10.921219901
2336.4,2,14:14:13.855928242
2336.5,8,14:14:13.855928242
2336.3,1,14:14:14.693068974
2336.4,1,14:14:14.693068974
2336.3,2,14:14:14.969719147
2336.5,1,14:14:15.897935603
2336.4,1,14:14:17.119387348
2336.4,1,14:14:18.411294163
2336.4,1,14:14:18.589252307
2336.5,9,14:14:18.846016549
2336.4,1,14:14:18.846016549
2336.5,1,14:14:20.379162870
2336.4,2,14:14:20.765745246
2336.3,1,14:14:20.776174809
2336.3,1,14:14:20.776522208
2336.2,1,14:14:20.776735198
2336.3,1,14:14:21.184103730
2336.3,1,14:14:21.720601230
2336.2,2,14:14:23.065479948
2336.2,1,14:14:23.065854694
2336.1,1,14:14:23.077360983
2336.3,7,14:14:23.846853702
2336.2,3,14:14:23.846853702
2336.1,2,14:14:27.108488658
2336.2,5,14:14:29.309681192
2336.3,5,14:14:29.309681192
2336.3,1,14:14:30.534756799
2336.3,1,14:14:32.022917675
2336.5,8,14:14:34.293666256
2336.6,2,14:14:34.293666256
2336.5,1,14:14:34.295259076
2336.4,1,14:14:34.354296807
2336.5,1,14:14:35.201528651
2336.4,4,14:14:39.239325988
2336.4,2,14:14:39.239795793
2336.4,1,14:14:40.990470006
2336.3,1,14:14:42.360938483
2336.4,1,14:14:45.724087982
2336.2,1,14:14:46.468686421
2336.2,1,14:14:46.468841789
2336.3,1,14:14:46.695880929
2336.3,1,14:14:46.885713602
2336.1,1,14:14:47.300307604
2336.2,2,14:14:47.516773187
2336.2,3,14:14:50.244216414
2336.2,1,14:14:51.603213499
2336.2,1,14:14:51.765710879
2336.1,1,14:14:52.253444848
2336.3,2,14:14:52.314081809
2336.3,1,14:14:52.314456013
2336.4,4,14:14:55.025701731
2336.5,1,14:14:56.573466035
2336.5,1,14:14:58.586356280
2336.6,1,14:14:59.183640101
2336.7,1,14:15:02.451227855
2336.8,2,14:15:04.307160268
2336.8,2,14:15:04.307341270
2336.8,3,14:15:04.307535386
2336.8,3,14:15:04.307651631
2336.8,1,14:15:04.398456220
2336.8,1,14:15:04.399027931
2336.7,2,14:15:04.408075639
2336.9,1,14:15:05.918906835
2337.0,1,14:15:06.645694889
2337.0,1,14:15:06.645712537
2337.0,1,14:15:06.646030195
2337.0,3,14:15:06.646166326
2337.0,1,14:15:06.647022260
2337.0,2,14:15:06.647208375
2337.0,1,14:15:06.846824084
2337.1,1,14:15:06.877300822
2337.0,2,14:15:07.121990385
2337.0,1,14:15:10.249425009
2337.1,1,14:15:11.323511141
2337.0,1,14:15:12.147767926
2337.1,1,14:15:13.084290917
2337.2,3,14:15:16.121251746
2337.3,2,14:15:17.736641621
2337.3,1,14:15:17.737130219
2337.3,1,14:15:21.084388024
2337.4,1,14:15:23.777069729
2337.5,2,14:15:24.131338151
2337.4,1,14:15:24.131338151
2337.4,1,14:15:25.087071516
2337.4,1,14:15:25.100250847
2337.4,1,14:15:25.734537055
2337.4,1,14:15:27.087368573
2337.4,1,14:15:27.088465175
2337.4,1,14:15:28.607849331
2337.5,1,14:15:29.869322058
2337.5,1,14:15:29.869338836
2337.5,1,14:15:29.869528194
2337.5,1,14:15:29.869585574
2337.5,3,14:15:29.869680955
2337.5,1,14:15:29.877429741
2337.6,1,14:15:30.148086951
2337.5,1,14:15:30.190480828
2337.6,1,14:15:30.417242803
2337.4,1,14:15:30.685650269
2337.5,1,14:15:30.777279850
2337.6,1,14:15:30.885683556
2337.6,1,14:15:31.654303400
2337.6,1,14:15:31.986161559
2337.6,1,14:15:33.738575787
2337.6,1,14:15:34.302574479
2337.7,7,14:15:34.921569899
2337.6,3,14:15:35.210464364
2337.8,1,14:15:38.074315467
2337.8,1,14:15:39.006743539
2337.9,1,14:15:40.107199068
2338.0,9,14:15:40.690080198
2337.9,1,14:15:40.690080198
2337.9,1,14:15:40.690810782
2337.9,1,14:15:40.691588708
2337.9,1,14:15:40.788981842
2337.8,10,14:15:41.586440724
2337.8,1,14:15:41.590476806
2337.8,1,14:15:42.568670995
2337.8,1,14:15:43.228701530
2337.8,1,14:15:43.275009482
2337.9,2,14:15:44.172589045
2337.8,3,14:15:44.173580370
2337.8,1,14:15:44.173692869
2337.9,2,14:15:44.415242798
2338.0,1,14:15:44.741352104
2337.9,1,14:15:44.752469473
2337.9,3,14:15:44.828390631
2337.9,1,14:15:46.811284038
2337.8,1,14:15:50.616885830
2337.8,2,14:15:50.617246528
2337.8,1,14:15:50.617305598
2337.8,1,14:15:52.183866642
2337.8,2,14:15:53.145235148
2337.7,1,14:15:53.981111589
2337.7,1,14:15:53.981124124
2337.8,1,14:15:54.064139640
2337.8,1,14:15:54.484777404
2337.8,1,14:15:55.048538162
2337.7,3,14:15:55.729343756
2337.8,1,14:15:55.807250586
2337.7,2,14:15:56.784291747
2338.0,2,14:15:58.515468652
2337.9,2,14:16:00.151574537
2337.8,2,14:16:01.057215594
2337.8,2,14:16:01.057400055
2337.8,2,14:16:01.057543744
2337.8,1,14:16:01.057942744
2337.8,1,14:16:01.058031680
2337.8,5,14:16:01.058110514
2337.8,1,14:16:01.059022375
2337.7,1,14:16:01.310972689
2337.7,1,14:16:01.324476507
2337.7,2,14:16:01.629745161
2337.6,1,14:16:02.470265727
2337.6,1,14:16:02.470277807
2337.7,1,14:16:02.528965358
2337.7,1,14:16:02.542783623
2337.7,1,14:16:03.095945245
2337.6,1,14:16:03.512567920
2337.6,1,14:16:04.583254754
2337.5,2,14:16:04.892630195
2337.6,1,14:16:04.892630195
2337.7,1,14:16:06.432529752
2337.8,8,14:16:08.527424860
2337.7,2,14:16:08.527424860
2337.8,1,14:16:10.722549463
2337.7,1,14:16:12.006587740
2337.6,3,14:16:12.101734158
2337.5,1,14:16:12.103577095
2337.4,1,14:16:12.199516500
2337.3,1,14:16:12.199527233
2337.4,1,14:16:12.200004862
2337.3,1,14:16:12.200214137
2337.5,1,14:16:13.265041587
2337.4,5,14:16:15.182503140
2337.5,1,14:16:18.488638965
2337.5,2,14:16:20.376649588
2337.6,7,14:16:20.376649588
2337.3,1,14:16:25.095480949
2337.0,1,14:16:28.211627324
2337.0,1,14:16:30.565685688
2337.0,1,14:16:32.665475639
2337.1,3,14:16:32.666460842
2337.1,1,14:16:32.666786155
2337.0,1,14:16:35.705587854
2337.1,1,14:16:37.249873714
2337.0,1,14:16:40.750694772
2337.1,3,14:16:40.750694772
2337.1,2,14:16:43.285213207
2337.2,1,14:16:43.608280933
2337.3,2,14:16:47.082343345
2337.3,2,14:16:51.043364512
2337.3,1,14:16:51.043795743
2337.3,1,14:16:51.044148716
2337.3,1,14:16:54.096366919
2337.1,1,14:16:55.244022976
2337.0,2,14:16:56.595583819
2337.0,1,14:17:05.705171656
2336.9,4,14:17:07.816869857
2336.8,2,14:17:09.067423778
2336.8,1,14:17:11.325928715
2336.8,1,14:17:13.602488303
2336.8,1,14:17:13.658525784
2336.8,1,14:17:13.658837480
2336.8,1,14:17:15.884193832
2336.8,2,14:17:16.290432147
2336.8,1,14:17:20.507811770
2336.7,1,14:17:20.510569839
2336.8,1,14:17:21.324645433
2336.7,1,14:17:22.451001176
2336.8,1,14:17:27.508698212
2337.0,1,14:17:31.453649155
2337.1,1,14:17:33.036673602
2337.0,1,14:17:33.314142875
2337.0,1,14:17:33.316934588
2337.0,1,14:17:34.128044634
2337.0,1,14:17:34.333174039
2337.0,1,14:17:37.329207712
2337.0,1,14:17:37.621886631
2337.0,1,14:17:37.622218251
2337.0,2,14:17:39.089225720
2337.0,3,14:17:39.089541195
2337.0,1,14:17:39.093729990
2337.1,1,14:17:39.099601219
2337.1,1,14:17:39.867265188
2337.2,1,14:17:41.590981195
2337.1,1,14:17:41.735372063
2337.1,2,14:17:43.658034772
2337.1,1,14:17:45.613898387
2337.1,3,14:17:46.528511253
2337.0,2,14:17:51.777247908
2336.9,3,14:18:00.095997076
2336.9,1,14:18:00.096220970
2336.9,1,14:18:00.096543971
2336.8,1,14:18:00.220626459
2337.0,1,14:18:02.497072748
2337.1,1,14:18:02.498468197
2336.9,3,14:18:03.164255349
2337.0,3,14:18:03.164255349
2337.0,1,14:18:04.139503007
2336.8,1,14:18:06.677459219
2336.8,1,14:18:08.723828689
2336.7,1,14:18:08.725279925
2336.8,3,14:18:10.295083718
2336.8,1,14:18:10.295253488
2336.8,6,14:18:10.295402957
2336.8,5,14:18:10.295471176
2336.8,1,14:18:10.295658780
2336.7,7,14:18:10.296050000
2336.7,1,14:18:10.296401451
2336.7,1,14:18:10.296699572
2336.6,4,14:18:10.297977917
2336.5,3,14:18:10.300267765
2336.4,1,14:18:10.302152782
2336.4,1,14:18:10.315616766
2336.4,1,14:18:10.315908820
2336.5,1,14:18:10.689427651
2336.6,1,14:18:11.696644148
2336.4,2,14:18:13.892725670
2336.5,2,14:18:13.892725670
2336.5,1,14:18:14.115500547
2336.5,1,14:18:15.405667720
2336.5,1,14:18:15.405710114
2336.5,1,14:18:15.406059139
2336.5,1,14:18:15.406492776
2336.5,2,14:18:15.605568935
2336.5,3,14:18:15.605613726
2336.5,1,14:18:15.605763313
2336.5,1,14:18:15.606709453
2336.5,1,14:18:17.076673805
2336.5,1,14:18:18.607081821
2336.5,1,14:18:19.604405232
2336.5,3,14:18:21.722555834
2336.5,1,14:18:23.709422915
2336.5,2,14:18:25.432430986
2336.4,1,14:18:25.436929838
2336.4,3,14:18:25.436958978
2336.4,5,14:18:25.436992304
2336.3,1,14:18:25.504407867
2336.4,8,14:18:25.849680584
2336.5,2,14:18:29.878125566
2336.5,1,14:18:36.935947699
2336.4,1,14:18:36.940423146
2336.5,4,14:18:42.146616832
2336.3,1,14:18:42.266327463
2336.3,2,14:18:43.782943470
2336.3,1,14:18:43.783117441
2336.3,5,14:18:43.783146332
2336.3,1,14:18:43.797602690
2336.4,2,14:18:44.075160352
2336.2,3,14:18:46.378880756
2336.2,5,14:18:46.379464983
2336.2,5,14:18:46.379557119
2336.2,2,14:18:46.379587698
2336.2,5,14:18:46.379673595
2336.2,1,14:18:46.380285764
2336.1,1,14:18:46.402825749
2336.1,2,14:18:47.502998428
2336.1,1,14:18:49.327497994
2336.1,2,14:18:49.336307819
2336.1,2,14:18:50.600639808
2336.1,1,14:18:50.708090848
2336.0,1,14:18:50.738980002
2335.9,2,14:18:50.914554037
2335.8,1,14:18:50.914554037
2336.0,2,14:18:51.501427558
2335.9,1,14:18:51.959257514
2335.8,2,14:18:52.462632540
2335.8,1,14:18:52.965100757
2335.9,2,14:18:54.048958509
2335.8,3,14:18:56.530165599
2335.8,1,14:18:58.141739988
2335.8,1,14:18:58.141925073
2335.8,4,14:18:58.141969118
2335.9,2,14:18:58.733906671
2336.0,1,14:19:02.564435557
2335.8,4,14:19:03.495776067
2335.8,1,14:19:03.497823971
2335.8,1,14:19:03.498137001
2335.7,1,14:19:03.499475309
2335.7,1,14:19:03.499892195
2335.7,1,14:19:03.526513453
2335.7,1,14:19:04.860814867
2335.6,1,14:19:06.080864725
2335.6,1,14:19:06.081049349
2335.5,1,14:19:07.214654483
2335.5,3,14:19:07.215012676
2335.6,1,14:19:07.219447022
2335.5,3,14:19:07.916760705
2335.7,1,14:19:08.238381022
2335.7,3,14:19:08.238469087
2335.5,1,14:19:08.969744828
2335.5,3,14:19:09.095370991
2335.6,1,14:19:09.346701734
2335.6,1,14:19:10.621819159
2335.6,1,14:19:12.800176452
2335.4,1,14:19:13.088017309
2335.4,6,14:19:13.360281446
2335.3,1,14:19:13.360281446
2335.4,1,14:19:13.463281443
2335.3,5,14:19:13.560934775
2335.4,2,14:19:13.561779858
2335.5,2,14:19:13.703917616
2335.4,1,14:19:14.955640471
2335.3,1,14:19:14.966742385
2335.4,1,14:19:15.366480837
2335.5,1,14:19:15.366618296
2335.5,2,14:19:15.367628150
2335.6,1,14:19:15.367668039
2335.6,1,14:19:15.367703396
2335.6,2,14:19:15.368818264
2335.6,3,14:19:15.369145521
2335.6,1,14:19:15.369207315
2335.6,1,14:19:15.369238198
2335.6,1,14:19:15.378992635
2335.6,1,14:19:15.379247974
2335.6,9,14:19:15.379296487
2335.6,4,14:19:15.379528460
2335.6,1,14:19:15.379577523
2335.6,1,14:19:15.379731533
2335.5,2,14:19:15.380331177
2335.4,2,14:19:15.421474064
2335.3,1,14:19:15.633968484
2335.2,1,14:19:15.989015916
2335.2,1,14:19:16.377887076
2335.2,1,14:19:16.378130620
2335.1,2,14:19:16.534365664
2335.2,1,14:19:16.663802085
2335.2,1,14:19:16.664178870
2335.1,1,14:19:18.063692029
2335.1,4,14:19:18.525650041
2335.1,2,14:19:19.094281061
2335.0,4,14:19:19.526257581
2335.0,1,14:19:20.160439061
2335.0,1,14:19:20.160654374
2335.0,2,14:19:20.339560592
2334.9,8,14:19:22.040355539
2334.8,1,14:19:22.040371837
2334.9,1,14:19:22.041188858
2334.9,1,14:19:22.041331309
2335.0,1,14:19:22.128453770
2335.0,3,14:19:22.128718441
2335.0,2,14:19:23.589399260
2335.0,1,14:19:23.589579007
2335.0,1,14:19:23.945234356
2335.0,1,14:19:24.642906160
2335.0,1,14:19:25.257290590
2335.0,1,14:19:26.313444762
2334.9,1,14:19:26.864329170
2334.9,1,14:19:27.935902340
2334.8,8,14:19:29.131615447
2334.8,2,14:19:29.132293922
2334.8,1,14:19:29.979728630
2334.7,5,14:19:31.544542291
2334.8,1,14:19:31.546263446
2334.8,1,14:19:31.655097011
2334.7,5,14:19:31.768681284
2334.7,1,14:19:31.769124377
2334.7,1,14:19:31.769929297
2334.8,3,14:19:31.780307461
2334.7,1,14:19:32.403208767
2334.7,1,14:19:32.655761330
2334.6,2,14:19:33.503629405
2334.7,1,14:19:34.230048655
2334.7,3,14:19:34.722840328
2334.7,7,14:19:36.192845971
2334.7,1,14:19:36.193120213
2334.8,1,14:19:36.195096061
2334.7,1,14:19:36.633979749
2334.6,5,14:19:36.633979749
2334.7,1,14:19:36.634335174
2334.7,1,14:19:36.635192046
2334.7,1,14:19:36.635258127
2334.5,1,14:19:38.290879992
2334.5,1,14:19:38.290912370
2334.5,1,14:19:38.290955255
2334.5,1,14:19:38.915893519
2334.4,4,14:19:39.383521196
2334.4,1,14:19:39.384779027
2334.4,1,14:19:39.384996126
2334.5,1,14:19:40.039602590
2334.6,1,14:19:40.181229504
2334.6,3,14:19:40.181769880
2334.6,2,14:19:40.181855622
2334.6,3,14:19:40.181871972
2334.7,2,14:19:40.182869534
2334.5,9,14:19:40.781749976
2334.7,6,14:19:40.781749976
2334.6,10,14:19:40.781749976
2334.7,1,14:19:40.784119652
2334.7,2,14:19:40.784185980
2334.6,1,14:19:40.784967704
2334.7,1,14:19:40.794234125
2334.6,1,14:19:41.133122713
2334.8,1,14:19:43.110254180
2334.6,1,14:19:45.668923306
2334.7,1,14:19:45.669289646
2334.8,5,14:19:45.677827127
2334.9,1,14:19:45.677827127
2334.8,1,14:19:45.679158089
2334.8,1,14:19:45.679584932
2334.8,1,14:19:47.182445936
2334.8,1,14:19:48.100536863
2334.7,1,14:19:50.188076444
2334.5,1,14:19:51.600421363
2334.5,1,14:19:52.081219569
2334.7,2,14:19:53.004020024
2334.5,1,14:19:53.380468231
2334.7,5,14:19:53.477543217
2334.8,3,14:19:53.477543217
2334.5,1,14:19:57.728581657
2334.5,1,14:19:57.728783693
2334.6,1,14:20:02.912910154
2334.7,1,14:20:03.119482088
2334.5,1,14:20:05.314164344
2334.5,5,14:20:06.672582705
2334.4,3,14:20:08.050100751
2334.3,1,14:20:09.570967818
2334.3,1,14:20:09.571218879
2334.4,1,14:20:09.938071600
2334.5,2,14:20:10.075300208
2334.5,1,14:20:10.352739102
2334.5,1,14:20:10.429009106
2334.6,1,14:20:10.733002656
2334.7,1,14:20:10.763264314
2334.7,1,14:20:10.763523298
2334.6,1,14:20:10.973873903
2334.6,1,14:20:11.246189341
2334.6,2,14:20:14.232902478
2334.7,4,14:20:15.299242862
2334.7,1,14:20:15.300161665
2334.6,1,14:20:15.430848280
2334.7,1,14:20:15.592792832
2334.8,1,14:20:17.119847553
2334.8,1,14:20:17.120517083
2334.8,1,14:20:21.504478034
2334.8,1,14:20:21.505961443
2334.7,1,14:20:22.365614085
2334.8,1,14:20:22.503141543
2334.9,1,14:20:22.533179934
2334.9,3,14:20:22.533469848
2334.9,1,14:20:22.913442115
2334.9,3,14:20:23.421592305
2334.9,1,14:20:23.426301027
2335.1,1,14:20:26.853886675
2335.2,1,14:20:26.853898272
2335.0,1,14:20:27.196005771
2335.0,2,14:20:27.734497946
2335.0,2,14:20:27.734560995
2334.9,2,14:20:27.736367828
2334.8,1,14:20:27.740785140
2334.8,1,14:20:27.741387199
2334.8,1,14:20:27.741529759
2334.8,1,14:20:27.743852462
2334.7,1,14:20:27.743929791
2334.7,1,14:20:27.744396028
2334.6,1,14:20:27.754264671
2334.6,1,14:20:27.754468951
2334.5,1,14:20:27.762476293
2334.5,1,14:20:27.762811141
2334.5,1,14:20:27.762871511
2334.5,1,14:20:27.763196909
2334.6,1,14:20:27.821087410
2334.5,2,14:20:27.821087410
2334.6,1,14:20:27.821126678
2334.6,3,14:20:27.821189978
2334.6,2,14:20:27.822512120
2334.7,2,14:20:27.822512120
2334.5,1,14:20:27.876607077
2334.4,1,14:20:27.951630387
2334.3,2,14:20:28.459813791
2334.5,1,14:20:28.516037432
2334.5,1,14:20:28.516126745
2334.6,2,14:20:31.916218783
2334.7,1,14:20:31.916218783
2334.7,1,14:20:32.983734924
2334.8,1,14:20:33.038655859
2334.8,6,14:20:34.380545926
2334.7,3,14:20:34.380545926
2334.7,1,14:20:34.547943551
2334.7,1,14:20:34.590254080
2334.7,1,14:20:37.929718091
2334.9,2,14:20:39.763044663
2334.9,5,14:20:39.763551975
2334.9,1,14:20:39.764457437
2334.8,1,14:20:40.143340075
2334.9,1,14:20:41.222332123
2334.9,2,14:20:41.387960376
2335.0,2,14:20:42.124314241
2335.1,2,14:20:42.879048503
2335.2,4,14:20:42.879048503
2335.1,1,14:20:42.880405823
2335.1,1,14:20:42.880661365
2335.2,1,14:20:42.880758557
2335.1,1,14:20:42.881145806
2335.1,1,14:20:42.882420541
2335.1,1,14:20:43.510341184
2335.3,1,14:20:44.971597619
2335.3,1,14:20:44.971802269
2335.4,1,14:20:45.673137818
2335.5,3,14:20:45.909357671
2335.5,1,14:20:46.382472038
2335.5,1,14:20:46.382498762
2335.5,2,14:20:46.382781456
2335.5,1,14:20:46.582727928
2335.5,1,14:20:46.861802271
2335.4,1,14:20:47.255579451
2335.0,3,14:20:48.451783948
2335.0,1,14:20:48.452307374
2335.1,1,14:20:48.833711939
2335.0,1,14:20:48.900691783
2335.0,1,14:20:48.911340436
2335.2,1,14:20:50.019687186
2335.2,1,14:20:51.046132793
2335.2,1,14:20:52.186707249
2335.2,1,14:20:52.216725243
2335.1,1,14:20:55.102394728
2335.1,1,14:20:58.306567879
2335.2,1,14:20:59.242451972
2335.2,1,14:21:04.038955476
2335.3,1,14:21:04.047018189
2335.3,1,14:21:04.047203959
2335.2,1,14:21:04.113915121
2335.1,2,14:21:07.920963585
2335.1,1,14:21:07.921296276
2335.2,1,14:21:08.147227562
2335.0,2,14:21:16.315636816
2334.9,4,14:21:16.764872750
2334.9,1,14:21:16.765402915
2335.0,1,14:21:17.087518656
2334.9,2,14:21:20.663796030
2335.0,1,14:21:22.523502196
2335.0,1,14:21:22.714187282
2335.0,1,14:21:22.714556371
2335.1,1,14:21:23.901032755
2335.0,1,14:21:26.772503377
2334.9,7,14:21:30.625764437
2334.8,1,14:21:30.626526478
2334.8,4,14:21:30.627365084
2334.8,1,14:21:30.711677535
2334.9,1,14:21:30.712306184
2334.9,3,14:21:30.712897940
2334.9,1,14:21:30.786799733
2334.8,2,14:21:31.583408019
2334.7,2,14:21:34.586348907
2334.8,1,14:21:43.661569304
2334.9,1,14:21:44.549698884
2334.9,1,14:21:44.550002164
2334.9,3,14:21:44.550060494
2334.9,1,14:21:44.550347396
2334.9,2,14:21:44.550550821
2334.8,1,14:21:45.914910186
2334.8,1,14:21:46.160160185
2335.0,3,14:21:50.932501606
2335.1,1,14:21:50.932512893
2335.1,1,14:21:51.442514468
2335.1,1,14:21:51.805348662
2335.1,1,14:21:51.805539191
2335.0,1,14:21:52.108987472
2335.1,6,14:21:53.612693814
2335.2,1,14:21:55.741552716
2335.2,2,14:21:57.141857908
2335.2,1,14:21:57.142230361
2335.3,6,14:21:59.938578886
2335.3,1,14:22:00.825583870
2335.3,1,14:22:00.840631242
2335.3,1,14:22:00.840897295
2335.5,1,14:22:02.097936298
2335.5,1,14:22:02.265741340
2335.6,1,14:22:02.329283177
2335.5,1,14:22:03.156034717
2335.6,5,14:22:04.567477895
2335.6,1,14:22:05.118001483
2335.6,1,14:22:05.451558657
2335.6,1,14:22:05.540156243
2335.6,2,14:22:05.791724678
2335.7,1,14:22:05.791724678
2335.7,1,14:22:05.791738118
2335.7,1,14:22:06.034106863
2335.7,1,14:22:06.064803718
2335.7,1,14:22:06.170084156
2335.6,2,14:22:06.171347500
2335.7,3,14:22:06.397561495
2335.5,2,14:22:06.456448936
2335.6,1,14:22:06.758759355
2335.7,1,14:22:06.765978318
2335.7,1,14:22:06.801859997
2335.7,1,14:22:07.495539888
2335.7,1,14:22:07.903867204
2335.6,3,14:22:08.588763530
2335.5,3,14:22:09.633207676
2335.5,1,14:22:09.951483005
2335.6,2,14:22:10.541586871
2335.6,2,14:22:10.541913924
2335.6,1,14:22:13.319144777
2335.6,1,14:22:13.477786548
2335.7,1,14:22:13.507846181
2335.8,1,14:22:13.749000363
2335.7,1,14:22:13.849426931
2335.8,1,14:22:13.953842340
2335.8,1,14:22:14.193797370
2335.8,1,14:22:14.369839693
2335.9,1,14:22:14.396380836
2336.0,1,14:22:14.614366949
2336.0,2,14:22:14.614380277
2335.9,1,14:22:14.616270427
2335.9,1,14:22:14.616751477
2336.0,1,14:22:15.148850332
2336.0,1,14:22:15.156564532
2335.9,2,14:22:15.333093074
2335.9,1,14:22:15.333291609
2335.9,3,14:22:15.333387066
2335.9,1,14:22:16.984891132
2335.9,1,14:22:18.957879070
2335.8,2,14:22:21.995646165
2335.9,2,14:22:23.938411764
2335.8,1,14:22:24.451732561
2335.7,1,14:22:25.675776089
2335.7,2,14:22:26.612481908
2335.9,1,14:22:26.907887532
2335.7,1,14:22:26.957697872
2336.0,1,14:22:28.211527539
2335.8,2,14:22:29.332984785
2335.8,1,14:22:32.493680709
2335.8,1,14:22:32.494021897
2335.8,1,14:22:33.765244247
2335.7,1,14:22:39.517164992
2335.7,1,14:22:40.529342189
2335.9,4,14:22:41.595625204
2335.8,1,14:22:41.596629801
2335.8,1,14:22:41.596917228
2335.7,1,14:22:42.143524695
2335.9,2,14:22:42.457405046
2336.1,3,14:22:44.561902438
2335.9,1,14:22:44.698276731
2335.9,1,14:22:44.698591413
2335.8,2,14:22:45.075612575
2335.9,1,14:22:49.467831528
2335.9,1,14:22:54.195698819
2336.0,1,14:22:55.487475328
2336.1,1,14:22:58.249251919
2336.0,1,14:22:58.285819874
2336.1,2,14:22:58.315562771
2336.1,2,14:22:58.315857253
2336.1,1,14:22:58.316214749
2336.1,1,14:22:58.316317407
2336.3,3,14:22:58.400776847
2336.4,2,14:22:58.415497397
2336.4,1,14:22:58.416374455
2336.5,2,14:22:58.470734509
2336.5,1,14:22:58.628827850
2336.6,1,14:22:59.011544551
2336.6,1,14:22:59.012029588
2336.6,1,14:22:59.245590159
2336.5,1,14:22:59.265809181
2336.5,2,14:22:59.266161150
2336.5,1,14:22:59.269889618
2336.5,2,14:22:59.530728122
2336.5,6,14:22:59.531614072
2336.6,1,14:22:59.971564558
2336.6,1,14:23:00.570272906
2336.7,1,14:23:00.733548044
2336.5,2,14:23:01.339468024
2336.4,1,14:23:01.340832640
2336.4,3,14:23:01.341132914
2336.3,3,14:23:01.342668798
2336.2,1,14:23:01.402443997
2336.2,1,14:23:01.402469786
2336.1,1,14:23:04.019904771
2336.2,5,14:23:04.244518985
2336.3,1,14:23:05.328673962
2336.3,4,14:23:06.459230747
2336.3,2,14:23:07.943319596
2336.3,1,14:23:07.943416888
2336.2,1,14:23:12.555975018
2336.2,4,14:23:12.556320446
2336.1,3,14:23:12.558184566
2336.0,2,14:23:13.338706997
2336.0,1,14:23:13.339167550
2335.9,1,14:23:13.346802248
2335.9,2,14:23:13.527811479
2335.8,1,14:23:15.376658399
2335.8,1,14:23:15.377032243
2335.7,1,14:23:15.384941055
2335.7,1,14:23:16.136794950
2335.7,1,14:23:16.302165461
2335.7,1,14:23:18.013737197
2335.7,1,14:23:18.164327656
2335.8,4,14:23:18.460321497
2335.9,1,14:23:18.460800232
2335.9,1,14:23:18.659232466
2335.9,1,14:23:22.604233520
2335.8,3,14:23:23.778428966
2335.8,1,14:23:23.778776555
2335.8,1,14:23:25.882225355
2335.8,1,14:23:27.639787504
2336.0,6,14:23:29.503878376
2335.9,1,14:23:31.670914126
2336.1,4,14:23:32.822662275
2336.2,1,14:23:33.617036096
2336.3,1,14:23:36.669012451
2336.3,1,14:23:38.732314321
2336.2,2,14:23:42.883298444
2336.0,1,14:23:42.893114891
2336.0,1,14:23:42.897477346
2336.1,1,14:23:44.584493063
2336.1,1,14:23:44.584586912
2336.1,1,14:23:52.750373852
2336.3,2,14:23:54.525370234
2336.2,1,14:23:55.029196250
2336.2,2,14:23:55.865375931
2336.1,1,14:24:02.049941285
2336.2,3,14:24:02.188459199
2336.3,1,14:24:02.188459199
2336.3,2,14:24:06.364249796
2336.3,2,14:24:06.447604051
2336.3,1,14:24:07.278985703
2336.2,1,14:24:09.821018548
2336.2,2,14:24:11.957647432
2336.2,1,14:24:11.957922234
2336.2,1,14:24:11.958586494
2336.4,10,14:24:16.110888438
2336.3,1,14:24:16.110888438
2336.4,14,14:24:16.111941182
2336.3,2,14:24:17.129387239
2336.4,1,14:24:18.717669827
2336.3,1,14:24:19.007630801
2336.3,2,14:24:19.039607107
2336.3,1,14:24:19.040036536
2336.2,1,14:24:25.189284851
2336.3,3,14:24:25.189284851
2336.3,1,14:24:26.109569410
2336.4,2,14:24:30.183519877
2336.3,4,14:24:34.579719549
2336.3,1,14:24:34.580610550
2336.2,1,14:24:39.469331760
2336.3,1,14:24:43.188205928
2336.1,2,14:24:44.015962987
2336.0,4,14:24:44.727333278
2335.9,3,14:24:44.882261357
2335.9,2,14:24:46.595997587
2335.9,11,14:24:46.596392019
2335.9,2,14:24:46.596435992
2335.9,1,14:24:46.596522781
2335.8,1,14:24:46.598897299
2335.6,2,14:24:48.032962041
2335.6,1,14:24:48.033811079
2335.6,2,14:24:48.035304857
2335.7,1,14:24:48.410844526
2335.7,1,14:24:49.175839240
2335.8,3,14:24:52.285764011
2336.0,4,14:24:52.470086398
2336.0,1,14:24:52.904288759
2336.1,4,14:24:56.745835810
2336.0,1,14:24:57.678778827
2335.8,1,14:25:00.819394504
2335.9,1,14:25:01.614446069
2335.9,1,14:25:01.920904441
2335.8,1,14:25:02.675748527
2335.7,1,14:25:03.688935762
2335.6,1,14:25:04.231695592
2335.5,2,14:25:04.231708718
2335.5,1,14:25:06.091346219
2335.4,1,14:25:08.340118179
2335.4,3,14:25:08.340130698
2335.5,1,14:25:09.224089728
2335.4,1,14:25:09.369271483
2335.5,1,14:25:10.268406977
2335.5,2,14:25:10.609429426
2335.6,1,14:25:11.714118862
2335.5,4,14:25:12.450114447
2335.5,1,14:25:12.450516577
2335.7,2,14:25:13.909537825
2335.6,5,14:25:13.909537825
2335.7,1,14:25:13.909552743
2335.7,3,14:25:14.358524787
2335.8,2,14:25:15.036942465
2335.7,1,14:25:15.577809537
2335.5,2,14:25:24.010764172
2335.5,1,14:25:28.011421527
2335.4,1,14:25:29.104985763
2335.5,4,14:25:29.860894362
2335.5,1,14:25:29.861236906
2335.4,1,14:25:32.250260227
2335.6,3,14:25:53.655623534
2335.7,1,14:25:53.655641032
2335.6,1,14:25:53.656567912
2335.8,1,14:25:56.401686310
2336.0,2,14:25:57.558061680
2336.0,1,14:25:57.558885085
2336.0,1,14:25:57.560515316
2336.2,7,14:25:57.803244283
2336.1,1,14:25:57.803244283
2336.2,1,14:25:57.923536802
2336.2,1,14:25:58.035243078
2336.2,1,14:25:58.259039404
2336.2,1,14:25:58.432881714
2336.3,3,14:25:58.676830115
2336.4,1,14:26:00.596285776
2336.3,1,14:26:01.101531609
2336.3,1,14:26:03.460630043
2336.3,1,14:26:03.461015632
2336.4,2,14:26:04.108844692
2336.5,11,14:26:04.232923273
2336.6,4,14:26:04.232923273
2336.4,3,14:26:04.232923273
2336.5,1,14:26:04.741659241
2336.5,2,14:26:08.429592321
2336.6,2,14:26:09.446214629
2336.6,1,14:26:10.358637112
2336.7,1,14:26:12.096409619
2336.7,1,14:26:12.096455072
2336.8,1,14:26:12.783236981
2336.8,2,14:26:13.985850986
2336.8,1,14:26:14.000402753
2336.9,1,14:26:14.633603769
2336.8,1,14:26:15.347065578
2336.8,1,14:26:18.593899804
2336.8,1,14:26:19.108533385
2336.7,6,14:26:20.543720680
2336.8,1,14:26:22.734171082
2336.8,1,14:26:24.282217506
2336.9,1,14:26:24.724888970
2336.8,1,14:26:25.099634403
2336.8,1,14:26:27.424144864
2336.7,5,14:26:27.589679477
2336.6,4,14:26:27.964543270
2336.5,1,14:26:27.966214225
2336.4,1,14:26:27.978519584
2336.5,1,14:26:28.127197061
2336.4,1,14:26:29.489713712
2336.5,1,14:26:30.459356305
2336.4,1,14:26:31.815470656
2336.6,1,14:26:32.279338222
2336.5,4,14:26:32.279338222
2336.6,2,14:26:34.472500327
2336.6,1,14:26:34.798838674
2336.6,1,14:26:34.799540560
2336.6,1,14:26:36.747806053
2336.5,2,14:26:41.145545746
2336.5,2,14:26:42.166540174
2336.5,2,14:26:42.167134757
2336.5,1,14:26:43.207299715
2336.4,1,14:26:45.205607886
2336.4,1,14:26:48.066274583
2336.5,1,14:26:48.837627607
2336.4,1,14:26:49.856747024
2336.3,4,14:26:50.388383866
2336.4,3,14:26:53.637320794
2336.4,2,14:26:53.924187144
2336.4,1,14:27:00.094864337
2336.3,2,14:27:01.912446132
2336.2,2,14:27:03.827600534
2336.0,1,14:27:05.032443408
2336.1,1,14:27:06.506176012
2336.0,1,14:27:07.952502159
2335.9,1,14:27:08.654784643
2336.1,2,14:27:09.502890779
2336.1,1,14:27:10.432083380
2336.1,1,14:27:10.457484438
2336.0,1,14:27:10.490543010
2336.1,2,14:27:11.207720620
2336.0,2,14:27:11.207720620
2336.1,1,14:27:13.842665067
2336.1,1,14:27:15.742754746
2336.2,2,14:27:15.996068142
2336.1,1,14:27:17.105415207
2336.0,2,14:27:18.084438740
2335.9,2,14:27:18.092964476
2335.9,2,14:27:18.093430003
2335.9,1,14:27:19.046034627
2335.9,1,14:27:20.203134875
2336.0,1,14:27:22.861654867
2335.9,2,14:27:22.959655092
2335.8,1,14:27:26.565554528
2335.8,1,14:27:26.668132096
2335.9,1,14:27:27.827782628
2335.7,1,14:27:27.913165043
2335.7,1,14:27:29.177344641
2335.8,1,14:27:31.587731577
2335.8,2,14:27:33.585967210
2335.8,1,14:27:36.497742817
2335.8,2,14:27:36.498096902
2335.9,1,14:27:41.626243076
2335.9,3,14:27:41.626370525
2335.8,1,14:27:43.537427506
2335.8,3,14:27:45.094070354
2335.7,2,14:27:49.000928714
2335.8,1,14:27:57.550273646
2335.9,2,14:28:00.559795403
2336.0,1,14:28:00.609008312
2336.0,1,14:28:00.609019586
2336.3,1,14:28:02.115343442
2336.3,1,14:28:02.638229701
2336.3,1,14:28:03.269933785
2336.3,2,14:28:03.270419501
2336.3,1,14:28:04.596604481
2336.3,1,14:28:12.482373718
2336.3,1,14:28:12.482707651
2336.3,1,14:28:12.482805797
2336.4,3,14:28:12.502765440
2336.4,1,14:28:12.502850497
2336.4,1,14:28:12.503010709
2336.5,12,14:28:12.504691919
2336.5,13,14:28:12.505045198
2336.6,1,14:28:12.680877252
2336.8,2,14:28:13.192120362
2336.7,2,14:28:13.192120362
2336.7,3,14:28:14.223711788
2336.7,1,14:28:14.706550904
2336.8,1,14:28:17.093260943
2336.8,1,14:28:17.093543521
2336.8,3,14:28:17.093704267
2336.8,2,14:28:17.093742946
2336.8,1,14:28:17.093772690
2336.8,1,14:28:17.093943628
2336.8,3,14:28:17.094025976
2336.8,1,14:28:17.094073890
2336.8,4,14:28:17.094105318
2336.8,15,14:28:17.094239046
2336.9,1,14:28:17.096026269
2337.0,1,14:28:17.108372786
2337.0,1,14:28:17.109185074
2337.0,1,14:28:17.436703511
2337.1,1,14:28:18.810955401
2337.1,1,14:28:18.813022819
2337.0,1,14:28:18.821982599
2337.0,14,14:28:19.972850796
2336.7,3,14:28:19.972850796
2336.8,13,14:28:19.972850796
2336.9,10,14:28:19.972850796
2336.7,4,14:28:19.978136790
2336.7,1,14:28:19.978375317
2336.7,1,14:28:19.979189215
2336.7,1,14:28:19.979607625
2336.8,2,14:28:20.098096340
2336.7,1,14:28:21.528404932
2336.7,2,14:28:22.658718854
2336.6,1,14:28:22.888833999
2336.6,1,14:28:22.889085021
2336.6,3,14:28:22.889114484
2336.7,2,14:28:23.742244173
2336.6,1,14:28:25.082006228
2336.5,2,14:28:25.338513395
2336.5,1,14:28:27.105168822
2336.5,1,14:28:27.383940308
2336.4,1,14:28:27.428551574
2336.7,1,14:28:29.866066942
2336.7,1,14:28:29.866292294
2336.7,1,14:28:29.866590015
2336.8,1,14:28:31.126785617
2336.7,1,14:28:33.076439892
2336.6,2,14:28:34.028664194
2336.5,1,14:28:34.570654142
2336.5,1,14:28:35.538578410
2336.5,1,14:28:36.108996763
2336.5,1,14:28:38.316295993
2336.7,10,14:28:38.348161262
2336.6,4,14:28:38.348161262
2336.9,12,14:28:38.348161262
2336.8,9,14:28:38.348161262
2337.0,2,14:28:38.348161262
2336.6,1,14:28:38.349738765
2336.8,1,14:28:38.352796520
2336.8,3,14:28:38.353825420
2336.9,1,14:28:38.353825420
2336.8,1,14:28:38.353924021
2336.9,2,14:28:38.368516270
2336.9,1,14:28:38.372465175
2336.9,1,14:28:38.425116686
2336.8,1,14:28:42.236313419
2336.8,3,14:28:42.236428467
2336.9,4,14:28:42.275385348
2336.9,1,14:28:42.275859665
2336.9,2,14:28:42.651548774
2336.9,2,14:28:42.652389950
2336.9,1,14:28:42.652755643
2336.8,1,14:28:42.817227605
2336.8,8,14:28:46.530234938
2336.8,1,14:28:46.530436108
2336.8,1,14:28:46.530502150
2336.6,1,14:28:46.574749011
2336.6,4,14:28:46.574937296
2336.5,2,14:28:46.574937296
2336.6,1,14:28:46.900198316
2336.7,3,14:28:50.592377600
2336.7,1,14:28:57.132826073
2336.6,1,14:28:57.568001980
2336.5,1,14:28:59.779534523
2336.6,2,14:29:01.251451867
2336.5,1,14:29:01.859446515
2336.6,1,14:29:03.738452986
2336.6,4,14:29:05.011204662
2336.7,1,14:29:05.901234432
2336.8,3,14:29:05.901234432
2336.7,4,14:29:06.674479688
2336.7,1,14:29:11.836367644
2336.9,1,14:29:16.834911851
2336.9,6,14:29:16.835132619
2336.9,1,14:29:17.093946114
2336.8,1,14:29:22.762726042
2337.0,1,14:29:24.097297037
2337.1,1,14:29:24.707868680
2337.3,2,14:29:27.767990583
2337.2,1,14:29:27.768667743
2337.2,1,14:29:27.769169301
2337.2,1,14:29:28.591400547
2337.1,1,14:29:29.270769152
2337.2,3,14:29:29.699602826
2337.2,1,14:29:30.119238179
2337.2,2,14:29:31.062530573
2337.2,7,14:29:31.062742795
2337.1,1,14:29:31.277680936
2337.1,3,14:29:31.277804403
2337.1,1,14:29:31.279244269
2337.2,1,14:29:32.728155138
2337.1,1,14:29:32.728972390
2337.2,2,14:29:33.380732649
2337.1,2,14:29:34.328719022
2337.2,1,14:29:35.276483911
2337.1,2,14:29:40.107128307
2337.1,5,14:29:40.107204573
2337.1,1,14:29:40.123921538
2337.2,1,14:29:41.043177045
2337.1,2,14:29:44.582847601
2337.0,3,14:29:45.307160837
2336.9,3,14:29:45.512086973
2336.8,2,14:29:45.786885565
2336.8,2,14:29:45.964110963
2336.8,1,14:29:45.964396693
2336.9,2,14:29:47.369693734
2336.9,1,14:29:49.194430127
2337.0,4,14:29:49.603870472
2337.0,1,14:29:49.604144731
2336.9,1,14:29:49.937653361
2336.9,1,14:29:49.937723205
2336.8,1,14:29:53.938967901
2336.8,1,14:29:55.607595975
2336.8,1,14:29:55.607700966
2336.7,1,14:29:56.121334836
2336.8,3,14:29:56.593159201
2336.9,1,14:29:57.013108909
2336.9,1,14:29:59.094245278
2336.8,1,14:30:00.086952331
2336.8,1,14:30:00.087259319
2336.6,1,14:30:00.164734247
2336.6,1,14:30:00.313569085
2336.4,1,14:30:00.944041798
2336.4,1,14:30:01.300855845
2336.3,1,14:30:04.054680692
2336.4,1,14:30:04.453549737
2336.4,1,14:30:04.475665469
2336.3,1,14:30:06.109482378
2336.5,2,14:30:08.187996695
2336.7,1,14:30:09.364708637
2336.6,1,14:30:10.278737140
2336.5,1,14:30:10.544341473
2336.5,1,14:30:12.045822301
2336.6,1,14:30:14.054087758
2336.8,3,14:30:15.379859398
2336.8,2,14:30:18.042770272
2336.7,1,14:30:18.043968738
2336.7,1,14:30:18.044075159
2336.7,4,14:30:18.886653540
2336.6,1,14:30:18.887600315
2336.6,1,14:30:20.229792926
2336.7,1,14:30:22.742589083
2336.7,1,14:30:22.743074719
2336.6,1,14:30:23.942234976
2336.7,1,14:30:24.175385412
2336.6,1,14:30:32.132827751
2336.5,1,14:30:32.185250316
2336.6,1,14:30:33.918348157
2336.6,1,14:30:35.790167020
2336.6,1,14:30:35.968153060
2336.5,3,14:30:35.968620325
2336.5,2,14:30:38.991925584
2336.5,1,14:30:38.992171870
2336.4,1,14:30:39.015592671
2336.6,3,14:30:40.824601182
2336.5,2,14:30:40.824601182
2336.5,1,14:30:40.825803079
2336.5,2,14:30:40.826343423
2336.6,1,14:30:43.213033242
2336.5,1,14:30:47.554973549
2336.5,1,14:30:47.600281904
2336.6,1,14:30:50.402555863
2336.7,1,14:30:52.702241991
2336.8,5,14:30:54.051385318
2336.6,1,14:30:57.598214954
2336.6,1,14:31:07.846336445
2336.7,1,14:31:08.500758114
2336.4,1,14:31:13.363766105
2336.6,1,14:31:17.180962262
2336.6,1,14:31:17.181218382
2336.5,2,14:31:17.399973973
2336.6,3,14:31:17.399973973
2336.6,1,14:31:19.376042078
2336.6,1,14:31:22.596569219
2336.5,1,14:31:26.443993795
2336.4,1,14:31:26.771114886
2336.4,7,14:31:26.771448413
2336.3,2,14:31:30.398472556
2336.2,1,14:31:30.504403409
2336.1,4,14:31:30.504420407
2336.2,1,14:31:30.504420407
2336.1,1,14:31:30.819902497
2336.1,4,14:31:32.417920368
2336.0,1,14:31:35.124979751
2336.0,1,14:31:37.089332519
2335.9,2,14:31:38.276183412
2335.9,1,14:31:38.462081730
2335.8,1,14:31:38.480496411
2335.8,1,14:31:39.271840680
2335.9,1,14:31:43.964460911
2336.0,1,14:31:52.989555603
2335.8,1,14:31:54.434838139
2335.7,1,14:32:01.619874624
2335.7,2,14:32:01.621023032
2335.8,3,14:32:01.920527154
2335.8,2,14:32:02.640278864
2335.7,1,14:32:03.737639302
2335.7,1,14:32:03.878073182
2335.7,2,14:32:05.711890468
2335.7,5,14:32:06.407809667
2335.8,2,14:32:07.066423092
2335.8,2,14:32:10.233535618
2335.8,1,14:32:10.233773217
2335.8,1,14:32:10.234465950
2335.8,1,14:32:11.277723039
2335.7,1,14:32:14.804351582
2335.7,2,14:32:19.774312371
2335.6,1,14:32:21.895639631
2335.6,1,14:32:21.916689811
2335.7,1,14:32:23.799578902
2335.5,1,14:32:23.846924807
2335.5,1,14:32:25.006720231
2335.6,1,14:32:25.084026679
2335.6,1,14:32:29.016049977
2335.5,1,14:32:31.202846650
2335.5,1,14:32:31.203122979
2335.5,2,14:32:31.203200123
2335.5,1,14:32:31.203577407
2335.5,1,14:32:31.203993186
2335.5,1,14:32:32.434011104
2335.5,1,14:32:35.421349711
2335.5,1,14:32:36.297842224
2335.3,1,14:32:37.182637674
2335.2,1,14:32:37.182653479
2335.3,1,14:32:37.183971218
2335.4,2,14:32:38.016205349
2335.3,1,14:32:39.492215636
2335.5,3,14:32:40.961375932
2335.6,3,14:32:40.961375932
2335.6,1,14:32:41.853959940
2335.6,3,14:32:41.854139262
2335.6,1,14:32:41.855250226
2335.5,1,14:32:43.337260446
2335.4,3,14:32:49.876675838
2335.4,1,14:32:50.202350519
2335.4,1,14:32:50.202634488
2335.5,1,14:32:52.120293950
2335.7,1,14:32:52.166832408
2335.8,1,14:32:52.166844296
2335.6,2,14:32:52.193536769
2335.5,2,14:32:53.465833345
2335.6,1,14:32:58.777588355
2335.1,3,14:33:00.472926475
2335.1,1,14:33:00.473221846
2335.2,1,14:33:00.506417840
2335.0,2,14:33:00.636830105
2335.1,1,14:33:00.686370106
2335.0,1,14:33:01.051324602
2335.1,1,14:33:02.051810044
2335.1,1,14:33:02.052244737
2335.1,1,14:33:02.052387274
2335.2,1,14:33:02.053553067
2335.1,1,14:33:02.712038827
2335.1,1,14:33:02.950072997
2335.0,1,14:33:04.174089794
2335.1,1,14:33:08.029872302
2335.1,1,14:33:08.030254710
2335.1,1,14:33:08.792792753
2335.0,2,14:33:11.267692746
2335.1,1,14:33:12.179646802
2335.1,1,14:33:14.934609974
2335.1,2,14:33:18.133109609
2335.2,5,14:33:18.135438680
2335.3,1,14:33:20.802962228
2335.3,1,14:33:24.124343320
2335.3,2,14:33:24.124533686
2335.3,1,14:33:24.124570134
2335.3,4,14:33:24.124627627
2335.3,3,14:33:24.124696220
2335.3,2,14:33:24.124735155
2335.4,3,14:33:24.125201804
2335.3,6,14:33:24.125598059
2335.4,1,14:33:24.126964304
2335.4,1,14:33:24.127058085
2335.3,1,14:33:25.841987620
2335.3,1,14:33:25.842238374
2335.3,1,14:33:28.036826091
2335.4,2,14:33:29.612546907
2335.5,2,14:33:29.612546907
2335.6,1,14:33:29.875520474
2335.6,1,14:33:30.152891019
2335.6,2,14:33:30.470107645
2335.6,1,14:33:31.962287067
2335.5,1,14:33:33.864240538
2335.5,2,14:33:33.864433025
2335.5,2,14:33:34.468766449
2335.6,3,14:33:34.469584957
2335.6,1,14:33:34.472718189
2335.6,1,14:33:37.800213410
2335.5,2,14:33:37.800213410
2335.5,1,14:33:37.801058333
2335.4,2,14:33:39.663120608
2335.3,1,14:33:40.629666027
2335.3,1,14:33:45.890207716
2335.3,1,14:33:45.890569339
2335.3,1,14:33:45.890614837
2335.3,1,14:33:45.890820144
2335.2,2,14:33:49.194019674
2335.2,1,14:33:49.202425171
2335.2,2,14:33:49.202739721
2335.3,5,14:33:49.215833680
2335.3,2,14:33:49.759148504
2335.3,3,14:33:52.475384131
2335.4,2,14:33:54.056250201
2335.4,1,14:33:54.056488548
2335.6,1,14:33:54.130151264
2335.6,1,14:33:54.142625895
2335.5,1,14:33:54.407282145
2335.5,1,14:33:55.422313212
2335.3,1,14:33:58.077826657
2335.3,1,14:34:02.028422024
2335.4,1,14:34:02.443814910
2335.5,1,14:34:02.928124877
2335.5,1,14:34:02.928682853
2335.4,2,14:34:03.917936370
2335.4,1,14:34:03.939565585
2335.4,2,14:34:04.570865569
2335.3,1,14:34:04.571889269
2335.3,1,14:34:04.572537381
2335.3,2,14:34:04.573020949
2335.3,2,14:34:04.573519008
2335.4,2,14:34:06.520220792
2335.4,1,14:34:07.479318256
2335.5,2,14:34:08.839837562
2335.6,1,14:34:08.843069086
2335.5,3,14:34:12.437356112
2335.5,1,14:34:16.545208006
2335.5,1,14:34:17.247469024
2335.5,2,14:34:18.712373088
2335.5,1,14:34:18.714220421
2335.6,1,14:34:18.715805775
2335.7,1,14:34:24.442289172
2335.7,1,14:34:24.442763731
2335.7,2,14:34:24.455293725
2335.6,1,14:34:31.563250631
2335.6,1,14:34:31.563838201
2335.6,2,14:34:31.976922489
2335.6,2,14:34:31.977114147
2335.7,3,14:34:31.980338728
2335.7,1,14:34:31.991126436
2335.7,2,14:34:32.955317136
2335.6,1,14:34:35.269946663
2335.6,1,14:34:35.270672623
2335.4,1,14:34:37.795235173
2335.4,1,14:34:38.172181077
2335.4,1,14:34:38.172703228
2335.5,4,14:34:39.358362980
2335.5,1,14:34:42.980571053
2335.5,1,14:34:43.375330920
2335.4,1,14:34:47.737837197
2335.4,1,14:34:47.737922376
2335.4,1,14:34:48.082075565
2335.4,1,14:34:48.322850893
2335.5,1,14:34:48.326139020
2335.4,1,14:34:50.354576389
2335.4,1,14:34:52.337130620
2335.5,1,14:34:52.350031295
2335.5,1,14:34:53.128500110
2335.3,1,14:34:56.034213300
2335.3,1,14:34:56.034270283
2335.3,1,14:34:56.034383239
2335.3,2,14:34:56.034415838
2335.4,1,14:34:57.457430757
2335.3,2,14:34:58.385453179
2335.4,1,14:34:58.433392149
2335.4,1,14:34:58.434127194
2335.5,1,14:34:58.674041579
2335.4,1,14:35:06.363571273
2335.1,1,14:35:07.930530714
2335.3,1,14:35:09.704124202
2335.4,1,14:35:09.704575926
2335.3,2,14:35:09.704575926
2335.4,1,14:35:09.857151449
2335.5,1,14:35:11.656539493
2335.4,1,14:35:13.159052639
2335.3,1,14:35:18.185348747
2335.2,1,14:35:19.119188625
2335.2,1,14:35:19.144676258
2335.2,1,14:35:19.145108065
2335.1,1,14:35:19.791322886
2335.2,1,14:35:22.338901933
2335.1,1,14:35:23.355784309
2335.2,3,14:35:24.230299673
2335.2,2,14:35:28.597492246
2335.2,1,14:35:28.598722984
2335.1,1,14:35:29.224019933
2335.2,4,14:35:29.224019933
2335.2,1,14:35:29.241203089
2335.2,3,14:35:29.258180477
2335.1,1,14:35:31.326904951
2335.1,3,14:35:33.221769798
2335.1,2,14:35:33.441904171
2335.0,1,14:35:34.383626539
2335.1,2,14:35:34.667667913
2335.0,3,14:35:36.488235229
2335.1,3,14:35:36.557177809
2335.0,1,14:35:37.778321889
2335.0,1,14:35:38.902954859
2335.1,1,14:35:42.142976063
2335.1,3,14:35:42.143293586
2335.1,1,14:35:44.564831174
2335.0,2,14:35:45.615009637
2335.0,2,14:35:45.642222866
2335.0,1,14:35:45.809193813
2335.0,1,14:35:48.631761040
2334.9,1,14:35:49.025332094
2335.0,1,14:35:50.850685044
2335.0,1,14:35:51.536428640
2335.1,1,14:35:53.266819309
2335.2,1,14:35:53.304488323
2334.9,3,14:35:55.357593179
2335.0,1,14:35:55.357593179
2335.0,1,14:35:55.367951384
2335.1,1,14:35:56.378223923
2335.1,1,14:35:56.378422107
2335.1,1,14:35:56.380206280
2335.1,2,14:35:57.763494411
2335.2,1,14:35:59.111342287
2335.0,1,14:36:00.282838617
2335.0,2,14:36:03.863350885
2335.1,1,14:36:03.864368070
2335.0,1,14:36:03.873626617
2335.1,1,14:36:04.898705660
2335.2,1,14:36:06.013680056
2335.2,3,14:36:06.127919680
2335.2,1,14:36:06.128269162
2335.3,1,14:36:06.183102532
2335.4,1,14:36:06.504877904
2335.5,1,14:36:06.504889802
2335.5,2,14:36:08.006332763
2335.4,1,14:36:10.944941739
2335.4,1,14:36:10.945666576
2335.5,1,14:36:11.028273084
2335.5,1,14:36:11.028967383
2335.3,2,14:36:11.927349940
2335.1,1,14:36:18.406950314
2335.2,2,14:36:18.593132312
2335.2,1,14:36:18.593286849
2335.0,7,14:36:21.062120878
2334.9,1,14:36:24.273705909
2334.9,1,14:36:25.876483971
2334.9,2,14:36:25.876796122
2334.9,1,14:36:25.878781739
2335.0,1,14:36:28.738157884
2334.9,1,14:36:31.245990687
2335.0,2,14:36:32.966526106
2334.8,2,14:36:32.970142265
2334.8,2,14:36:32.972475415
2334.9,1,14:36:33.035352950
2334.8,1,14:36:33.411381131
2334.9,1,14:36:33.895885161
2334.8,1,14:36:34.111196793
2334.8,1,14:36:35.256382503
2334.8,1,14:36:35.256704727
2334.7,1,14:36:36.130559136
2334.7,1,14:36:36.130781809
2334.8,2,14:36:36.533520091
2334.8,1,14:36:37.796715953
2334.8,1,14:36:37.796865856
2334.8,1,14:36:37.796913745
2334.8,1,14:36:37.884677842
2334.7,1,14:36:40.159324002
2334.7,1,14:36:40.806236294
2334.6,1,14:36:41.238611911
2334.6,1,14:36:41.727271814
2334.6,2,14:36:42.814487975
2334.5,1,14:36:42.824378085
2334.5,1,14:36:42.824465396
2334.4,1,14:36:45.896409998
2334.4,1,14:36:45.896681005
2334.4,1,14:36:46.078394175
2334.3,4,14:36:46.209450560
2334.3,2,14:36:46.871692198
2334.4,1,14:36:47.556535821
2334.3,5,14:36:51.678506836
2334.3,1,14:36:51.679095046
2334.3,4,14:36:51.679155556
2334.3,1,14:36:51.680080036
2334.3,1,14:36:51.686992425
2334.3,1,14:36:52.016703758
2334.2,1,14:36:52.806998402
2334.3,1,14:36:53.118705840
2334.3,3,14:36:53.118986402
2334.3,1,14:36:53.119285541
2334.3,1,14:36:53.416297226
2334.3,1,14:36:56.041469458
2334.2,1,14:36:58.187976775
2334.1,3,14:36:59.292551326
2334.2,1,14:36:59.296533355
2334.3,1,14:37:00.079252999
2334.4,1,14:37:00.522263538
2334.5,2,14:37:03.396890580
2334.6,1,14:37:03.398524463
2334.7,1,14:37:03.398536354
2334.8,1,14:37:03.665104756
2334.8,1,14:37:03.665343545
2334.9,1,14:37:05.622413463
2334.9,2,14:37:05.765042981
2334.9,2,14:37:06.080581179
2334.9,1,14:37:06.085222466
2334.9,1,14:37:06.963659969
2334.9,1,14:37:08.024845290
2334.9,1,14:37:08.518188586
2334.9,1,14:37:08.518435158
2334.8,1,14:37:09.595006761
2334.8,1,14:37:09.595614680
2334.8,1,14:37:09.596372526
2334.9,2,14:37:12.918427667
2335.0,1,14:37:17.411546784
2335.1,1,14:37:17.411565248
2335.2,1,14:37:17.510962573
2335.2,2,14:37:19.188339990
2335.2,1,14:37:19.288956942
2335.1,1,14:37:19.415444701
2335.1,1,14:37:24.120305072
2335.1,2,14:37:25.126758941
2335.3,2,14:37:25.282897091
2335.3,1,14:37:27.460301921
2335.2,2,14:37:28.465606535
2335.2,1,14:37:28.466021859
2335.1,1,14:37:29.241607555
2335.2,1,14:37:35.008244671
2335.2,2,14:37:36.062399291
2335.2,1,14:37:37.429614664
2335.2,1,14:37:38.023163927
2335.2,1,14:37:39.509806361
2335.2,1,14:37:39.664754888
2335.1,1,14:37:40.337114666
2335.1,1,14:37:40.338921422
2335.2,1,14:37:40.496848495
2335.1,1,14:37:41.941853937
2335.2,2,14:37:43.909673642
2335.2,3,14:37:46.471303803
2335.1,1,14:37:48.024566878
2335.1,1,14:37:55.478690040
2335.2,1,14:37:56.853329220
2335.2,1,14:37:56.854146978
2335.2,1,14:37:58.893589051
2335.2,1,14:37:58.971327590
2335.2,1,14:37:58.971855409
2335.1,1,14:37:59.258544168
2335.3,1,14:38:01.865934979
2335.2,1,14:38:03.914081532
2335.2,2,14:38:03.936003449
2335.2,1,14:38:03.937010714
2335.3,2,14:38:04.929084386
2335.4,1,14:38:07.058249549
2335.5,1,14:38:07.072872750
2335.5,1,14:38:07.530100974
2335.4,2,14:38:08.138700074
2335.4,1,14:38:08.138774220
2335.4,1,14:38:08.139453891
2335.5,1,14:38:09.562019936
2335.6,1,14:38:11.149734148
2335.6,2,14:38:11.149749640
2335.6,1,14:38:11.153251173
2335.7,1,14:38:11.336284877
2335.6,3,14:38:12.792074721
2335.6,1,14:38:12.792483333
2335.6,1,14:38:15.066809442
2335.5,2,14:38:17.629721013
2335.6,1,14:38:18.378358090
2335.7,1,14:38:19.008094332
2335.8,1,14:38:19.079805154
2335.9,1,14:38:19.126652822
2335.8,1,14:38:19.474583674
2336.0,3,14:38:21.471365224
2336.0,1,14:38:22.980820863
2336.0,3,14:38:23.616834509
2336.0,3,14:38:23.617223468
2336.0,1,14:38:23.617318360
2336.2,1,14:38:26.227584419
2336.2,1,14:38:26.227599920
2336.1,1,14:38:28.555114798
2336.1,1,14:38:29.289287101
2336.1,1,14:38:31.790583573
2336.0,2,14:38:31.791922688
2335.9,2,14:38:35.053262734
2336.0,2,14:38:35.194113543
2336.1,1,14:38:42.322797941
2336.0,1,14:38:42.565617584
2336.1,1,14:38:42.567554406
2336.2,1,14:38:42.697571388
2336.1,1,14:38:43.600136205
2336.2,1,14:38:44.195008798
2336.2,1,14:38:46.072688775
2336.2,1,14:38:46.072927401
2336.1,7,14:38:47.233132197
2336.2,2,14:38:51.377629755
2336.4,1,14:38:52.732640501
2336.4,1,14:38:52.739861569
2336.4,3,14:38:54.029194709
2336.4,1,14:38:54.029972354
2336.3,1,14:38:54.032650069
2336.2,3,14:38:56.892138125
2336.3,1,14:39:03.679578724
2336.2,1,14:39:04.471353138
2336.1,1,14:39:07.204299541
2336.0,1,14:39:07.204311058
2336.0,1,14:39:10.783230231
2336.0,2,14:39:10.784201575
2336.0,1,14:39:10.785275504
2336.0,1,14:39:12.175406402
2335.9,1,14:39:15.403576086
2336.0,1,14:39:17.239303767
2336.0,1,14:39:17.336916416
2336.1,1,14:39:17.711573112
2336.1,1,14:39:18.064780137
2336.1,1,14:39:18.065074114
2336.1,1,14:39:18.682321323
2336.1,1,14:39:18.691456636
2336.1,1,14:39:18.692864994
2336.2,2,14:39:18.739130137
2336.2,1,14:39:18.740292099
2336.2,2,14:39:22.820080083
2336.2,1,14:39:24.449398719
2336.2,1,14:39:25.074048669
2336.3,1,14:39:26.001392572
2336.3,1,14:39:26.001611504
2336.4,8,14:39:26.001611504
2336.4,2,14:39:26.019544934
2336.4,1,14:39:26.019887936
2336.4,1,14:39:26.020202422
2336.4,1,14:39:29.520110091
2336.4,1,14:39:33.985924904
2336.4,1,14:39:35.153476897
2336.4,2,14:39:35.247505776
2336.4,3,14:39:35.248657290
2336.4,1,14:39:35.248960532
2336.5,1,14:39:35.249303953
2336.5,1,14:39:35.249373215
2336.5,3,14:39:35.249426203
2336.5,2,14:39:35.250177194
2336.6,1,14:39:35.250624460
2336.5,1,14:39:35.250773125
2336.6,1,14:39:35.252405094
2336.6,1,14:39:35.252443127
2336.6,1,14:39:35.252955002
2336.6,1,14:39:35.253525866
2336.7,1,14:39:35.263212340
2336.7,1,14:39:35.263732459
2336.7,1,14:39:35.264124239
2336.7,1,14:39:35.264998737
2336.7,1,14:39:35.269990617
2336.8,1,14:39:35.289602686
2336.8,5,14:39:35.293435944
2336.9,4,14:39:35.295549727
2336.9,1,14:39:35.296305125
2336.9,1,14:39:35.297138320
2336.9,1,14:39:35.302764020
2336.8,2,14:39:35.313550513
2336.8,2,14:39:35.313907918
2336.9,2,14:39:35.324361691
2336.9,1,14:39:35.342213046
2336.9,2,14:39:35.389252619
2336.8,2,14:39:36.387777933
2336.7,4,14:39:38.467568201
2336.6,1,14:39:40.063752328
2336.7,3,14:39:40.873346754
2336.6,1,14:39:40.875062290
2336.5,1,14:39:41.206043073
2336.5,1,14:39:41.217954772
2336.5,1,14:39:41.218444491
2336.6,1,14:39:42.315792316
2336.7,1,14:39:42.834040572
2336.8,3,14:39:44.675568657
2336.7,1,14:39:44.676825175
2336.6,1,14:39:45.109638809
2336.8,2,14:39:49.093564915
2336.8,1,14:39:53.126365978
2336.9,2,14:39:59.223306485
2336.8,2,14:40:00.639824792
2336.8,1,14:40:04.465331418
2336.8,1,14:40:04.526073253
2336.8,4,14:40:04.526358481
2336.8,1,14:40:06.533679832
2336.8,1,14:40:06.533722383
2336.8,5,14:40:06.533943191
2336.9,4,14:40:06.534022875
2336.7,2,14:40:08.178668833
2336.7,1,14:40:08.567370700
2336.8,1,14:40:09.057554863
2336.7,1,14:40:12.061671629
2336.7,1,14:40:12.062340183
2336.8,1,14:40:12.064205808
2336.8,3,14:40:16.845420774
2336.7,1,14:40:18.962475349
2336.8,1,14:40:18.962475349
2336.7,1,14:40:21.120009227
2336.6,1,14:40:21.865158639
2336.6,1,14:40:22.344262484
2336.7,3,14:40:23.482991111
2336.7,1,14:40:23.554771206
2336.7,1,14:40:23.555731831
2336.8,1,14:40:25.023536246
2336.9,1,14:40:27.891623902
2337.0,1,14:40:31.154293198
2336.8,3,14:40:34.187163650
2336.8,1,14:40:34.187827292
2336.9,2,14:40:36.043622764
2337.0,3,14:40:36.660149238
2337.0,1,14:40:36.660332506
2337.0,10,14:40:36.660373992
2337.1,1,14:40:36.751322636
2337.0,1,14:40:37.074201082
2337.0,2,14:40:41.132681109
2337.0,9,14:40:41.133087878
2337.0,1,14:40:41.204396252
2336.9,1,14:40:41.374588941
2337.0,2,14:40:47.747372879
2337.1,3,14:40:47.769811542
2337.1,1,14:40:49.155217093
2337.0,1,14:40:50.734035691
2337.1,2,14:40:51.108893921
2337.0,1,14:40:51.115583461
2337.1,1,14:40:51.821527415
2337.1,2,14:40:53.348571787
2337.1,1,14:40:53.349075730
2337.1,1,14:40:53.349893366
2337.0,1,14:40:53.361715383
2337.0,1,14:40:53.366009140
2337.2,2,14:40:53.671447285
2337.1,1,14:40:53.671447285
2337.1,1,14:40:54.891633184
2337.2,5,14:40:56.635330781
2337.2,1,14:40:56.635475802
2337.2,1,14:40:56.635561960
2337.2,1,14:40:56.635598777
2337.3,1,14:40:56.687065094
2337.4,1,14:40:56.687073607
2337.4,3,14:40:57.936007169
2337.4,1,14:40:57.937223338
2337.4,1,14:40:59.009807302
2337.3,3,14:41:00.208612775
2337.3,1,14:41:00.208662054
2337.3,1,14:41:00.718078648
2337.3,1,14:41:00.718593177
2337.3,1,14:41:00.766527366
2337.3,1,14:41:01.603525344
2337.4,3,14:41:02.596012735
2337.3,1,14:41:02.597044817
2337.2,1,14:41:02.598222460
2337.3,3,14:41:04.681780171
2337.2,1,14:41:04.682527096
2337.2,2,14:41:04.682835854
2337.3,1,14:41:06.229971340
2337.2,3,14:41:09.672018774
2337.2,3,14:41:09.672511658
2337.2,1,14:41:09.673084326
2337.2,1,14:41:09.709871781
2337.2,1,14:41:09.743284116
2337.1,1,14:41:10.881108151
2337.2,1,14:41:12.639536303
2337.3,2,14:41:12.655438812
2337.3,3,14:41:14.706954295
2337.4,4,14:41:14.729138717
2337.3,1,14:41:14.729138717
2337.2,7,14:41:15.774148844
2337.1,1,14:41:15.937325805
2337.1,1,14:41:15.937623171
2337.2,1,14:41:16.821719796
2337.2,1,14:41:17.184227063
2337.2,1,14:41:17.184411929
2337.3,1,14:41:23.024854657
2337.3,1,14:41:24.525403785
2337.3,1,14:41:31.668686967
2337.3,3,14:41:31.668956626
2337.2,1,14:41:31.677669331
2337.3,1,14:41:31.894280194
2337.3,4,14:41:31.895208133
2337.3,1,14:41:36.675852974
2337.4,5,14:41:39.161997081
2337.5,7,14:41:39.162537773
2337.6,3,14:41:39.164197809
2337.6,1,14:41:39.165505500
2337.6,1,14:41:39.166089458
2337.8,18,14:41:40.323574567
2337.7,7,14:41:40.323574567
2337.9,10,14:41:40.323574567
2337.9,1,14:41:40.324427503
2337.9,1,14:41:40.324683671
2337.9,1,14:41:40.324887643
2337.9,1,14:41:40.326559565
2338.0,1,14:41:40.327010380
2337.9,1,14:41:40.327471571
2337.9,1,14:41:40.327596808
2337.9,15,14:41:40.327783592
2337.8,1,14:41:40.328429103
2337.9,1,14:41:40.330137698
2337.8,1,14:41:40.330261764
2337.9,1,14:41:40.331151181
2337.9,1,14:41:40.331196433
2337.8,1,14:41:40.331867333
2337.8,2,14:41:40.332031218
2337.9,1,14:41:40.332344398
2337.9,1,14:41:40.336334082
2337.8,1,14:41:40.446300804
2337.8,1,14:41:40.446453771
2337.7,1,14:41:40.672511716
2337.8,1,14:41:41.073189228
2337.8,3,14:41:42.366757140
2337.8,1,14:41:42.367021853
2337.8,6,14:41:42.367083010
2337.8,3,14:41:43.244075811
2337.9,3,14:41:44.268511880
2337.9,1,14:41:44.268888621
2337.9,4,14:41:44.268976485
2337.8,2,14:41:44.269742193
2337.8,1,14:41:44.270188823
2337.8,1,14:41:44.270398875
2337.8,1,14:41:44.370960755
2337.7,1,14:41:44.488079365
2337.9,4,14:41:44.629001151
2337.8,1,14:41:44.629807575
2337.8,1,14:41:44.630361813
2337.8,1,14:41:46.811954063
2337.7,2,14:41:47.251442736
2337.7,2,14:41:47.265317966
2337.6,2,14:41:47.267222548
2337.6,1,14:41:47.267544804
2337.6,1,14:41:47.510990303
2337.6,1,14:41:47.511287234
2337.6,1,14:41:48.006088929
2337.5,2,14:41:58.886896730
2337.5,1,14:41:58.887531575
2337.6,1,14:41:58.902771655
2337.5,1,14:41:58.957243241
2337.4,3,14:41:59.042014061
2337.4,3,14:41:59.133517443
2337.4,2,14:42:05.069330167
2337.4,1,14:42:05.069604835
2337.4,1,14:42:05.069893170
2337.4,1,14:42:05.070712191
2337.3,1,14:42:05.199766926
2337.3,1,14:42:05.199812639
2337.3,1,14:42:05.199869143
2337.5,1,14:42:05.589451043
2337.6,2,14:42:05.594647433
2337.6,1,14:42:05.594979596
2337.6,1,14:42:05.595611779
2337.7,2,14:42:07.647685454
2337.7,1,14:42:07.663624354
2337.7,2,14:42:08.879061682
2337.6,4,14:42:08.879061682
2337.6,1,14:42:10.328817402
2337.6,1,14:42:10.329108678
2337.7,1,14:42:12.318735041
2337.7,1,14:42:12.323191262
2337.7,1,14:42:12.362200768
2337.7,2,14:42:15.378477233
2337.8,1,14:42:15.632077706
2337.6,1,14:42:17.711683865
2337.5,2,14:42:18.800266344
2337.6,3,14:42:23.685758978
2337.6,2,14:42:24.176757428
2337.4,1,14:42:29.561616604
2337.4,1,14:42:30.855553107
2337.6,1,14:42:31.827350227
2337.4,1,14:42:33.424167978
2337.2,1,14:42:39.499199915
2337.1,1,14:42:41.446060439
2337.1,1,14:42:41.547822757
2337.2,1,14:42:43.140643815
2337.0,1,14:42:45.171756831
2337.1,1,14:42:46.295871575
2337.1,1,14:42:46.296536369
2336.9,1,14:42:49.798887545
2336.8,3,14:42:50.698700219
2336.7,1,14:42:51.267963361
2336.8,1,14:42:55.151593435
2336.9,4,14:42:56.939066620
2337.0,2,14:42:57.001872704
2337.0,1,14:43:06.645043361
2337.0,1,14:43:06.647258631
2336.9,1,14:43:19.467284354
2336.8,1,14:43:21.771418606
2336.8,1,14:43:21.995041681
2336.8,1,14:43:24.152783358
2336.7,4,14:43:25.118614332
2336.8,1,14:43:25.254853216
2336.8,2,14:43:31.653146683
2336.7,1,14:43:32.343631697
2336.8,1,14:43:34.349288601
2337.0,1,14:43:42.854808208
2336.9,5,14:43:42.854808208
2336.8,1,14:43:47.316094858
2336.8,1,14:43:47.414109566
2336.8,1,14:43:47.414439490
2336.9,1,14:43:56.859937494
2337.0,8,14:43:58.121102174
2337.1,8,14:43:58.121102174
2337.1,4,14:43:58.122514225
2337.0,1,14:43:58.910250602
2337.0,4,14:43:59.382827180
2337.1,1,14:44:01.578010262
2337.1,1,14:44:01.987341722
2337.1,1,14:44:06.282437943
2337.0,1,14:44:06.345312493
2336.9,2,14:44:06.354801315
2337.0,1,14:44:06.356225532
2336.8,1,14:44:06.357210365
2336.7,2,14:44:10.244397827
2336.7,1,14:44:10.261577230
2336.8,1,14:44:10.269886175
2336.7,9,14:44:11.358507979
2336.8,1,14:44:16.043283277
2336.8,1,14:44:18.966999625
2336.8,1,14:44:19.151971668
2336.7,1,14:44:19.160268674
2336.7,5,14:44:20.274353894
2336.7,5,14:44:20.350381087
2336.6,2,14:44:26.489435436
2336.6,1,14:44:26.489641469
2336.7,1,14:44:27.362402931
2336.5,4,14:44:30.565927276
2336.5,1,14:44:30.774703514
2336.5,1,14:44:30.775118409
2336.6,3,14:44:30.783502501
2336.6,1,14:44:39.262448043
2336.6,3,14:44:39.312983927
2336.5,1,14:44:45.247574962
2336.4,6,14:44:49.259724420
2336.4,4,14:44:49.261653890
2336.4,1,14:44:49.262522522
2336.4,2,14:44:49.813664908
2336.4,1,14:44:49.913072044
2336.4,1,14:44:50.086148209
2336.3,2,14:44:50.459153171
2336.3,1,14:44:50.543687594
2336.3,1,14:44:50.866626400
2336.2,1,14:44:52.680314165
2336.3,1,14:44:54.553181388
2336.3,2,14:44:54.553652392
2336.3,1,14:44:54.554745297
2336.3,1,14:44:54.555018004
2336.3,1,14:44:56.616777751
2336.4,1,14:45:01.032099563
2336.5,1,14:45:01.712219151
2336.5,1,14:45:01.712693190
2336.5,2,14:45:01.735817086
2336.5,1,14:45:02.881935263
2336.5,1,14:45:11.393120488
2336.6,2,14:45:11.394840587
2336.7,1,14:45:11.394847876
2336.7,3,14:45:11.396438419
2336.8,2,14:45:11.398146688
2336.6,1,14:45:17.864213716
2336.7,1,14:45:18.212468998
2336.8,3,14:45:26.207966701
2336.9,1,14:45:36.554826823
2336.9,1,14:45:36.568132013
2336.9,3,14:45:40.050164494
2336.9,3,14:45:40.050321060
2336.9,1,14:45:42.015120256
2336.9,5,14:45:48.848188065
2337.0,1,14:45:48.848188065
2337.0,1,14:45:48.848202218
2337.0,1,14:45:51.370152604
2337.0,1,14:45:53.765695010
2337.1,2,14:45:54.369977905
2337.1,1,14:45:54.383442381
2337.1,1,14:45:54.383670063
2337.1,1,14:45:54.878254781
2337.1,1,14:46:03.106551457
2337.1,1,14:46:03.106685869
2337.1,1,14:46:03.108100557
2337.2,1,14:46:07.966163469
2337.2,1,14:46:07.966204923
2337.2,2,14:46:08.100769993
2337.2,1,14:46:08.591828843
2337.2,1,14:46:08.592139544
2337.2,1,14:46:10.281546879
2337.2,1,14:46:10.281883683
2337.2,1,14:46:10.369036325
2337.1,1,14:46:10.632758632
2337.1,1,14:46:11.019146453
2337.1,1,14:46:11.019804028
2337.0,3,14:46:11.479946993
2337.0,1,14:46:11.480374208
2336.9,1,14:46:12.657111380
2336.9,10,14:46:12.657922487
2336.9,1,14:46:12.658941686
2336.9,1,14:46:12.659265698
2336.9,1,14:46:12.671198908
2336.8,2,14:46:18.492293564
2336.5,1,14:46:19.951652074
2336.6,1,14:46:20.536881221
2336.7,5,14:46:22.494116476
2336.8,1,14:46:25.226088058
2336.8,1,14:46:25.226539894
2336.8,1,14:46:28.152922988
2336.8,1,14:46:45.749913974
2336.8,1,14:46:45.750085341
2336.8,1,14:46:45.750120327
2336.9,1,14:46:49.979371469
2336.9,1,14:46:52.195726131
2336.8,1,14:46:57.471672190
2336.7,1,14:46:57.486743549
2336.7,1,14:46:57.486968853
2336.7,1,14:46:57.491307075
2336.7,1,14:46:59.397800057
2336.6,1,14:46:59.542419138
2336.7,1,14:47:01.596676696
2336.8,3,14:47:01.853876935
2336.8,1,14:47:02.406451622
2336.7,1,14:47:06.216504932
2336.8,4,14:47:09.789649047
2336.8,1,14:47:09.790165644
2336.9,3,14:47:11.108203839
2337.0,1,14:47:11.108215520
2336.9,1,14:47:11.121534191
2336.8,4,14:47:11.494368052
2336.8,1,14:47:11.495068412
2336.8,1,14:47:11.495540588
2336.8,1,14:47:11.949608025
2336.7,2,14:47:15.825166125
2336.8,1,14:47:16.294232675
2336.7,1,14:47:23.961915496
2336.6,3,14:47:28.680910242
2336.4,5,14:47:30.329209517
2336.5,1,14:47:30.329209517
2336.5,1,14:47:30.903004811
2336.5,1,14:47:30.903644369
2336.5,1,14:47:32.208898717
2336.6,2,14:47:35.868296242
2336.6,2,14:47:35.887289976
2336.7,1,14:47:35.889649498
2336.6,1,14:47:36.831120199
2336.6,1,14:47:43.409674488
2336.6,1,14:47:43.409753862
2336.6,1,14:47:45.221742730
2336.7,1,14:48:02.783611000
2336.8,3,14:48:03.435018092
2336.7,1,14:48:03.700052024
2336.9,1,14:48:06.083763694
2336.8,2,14:48:06.083763694
2336.7,6,14:48:07.709213862
2336.6,9,14:48:07.709213862
2336.7,4,14:48:09.674005666
2336.7,1,14:48:09.675038465
2336.8,1,14:48:09.676391785
2336.9,1,14:48:16.130541349
2337.0,1,14:48:18.330358004
2337.1,1,14:48:19.287878178
2337.2,1,14:48:26.518129526
2337.1,1,14:48:26.947856958
2336.9,5,14:48:30.092324019
2336.9,1,14:48:30.093093331
2336.8,2,14:48:34.023955387
2336.9,1,14:48:36.588275692
2337.0,3,14:48:40.209047046
2336.9,3,14:48:40.209047046
2337.0,1,14:48:41.909561591
2337.0,1,14:48:41.910508510
2337.1,4,14:48:41.910815962
2337.1,1,14:48:41.912215446
2337.1,1,14:48:41.912757211
2337.1,1,14:48:41.913385444
2337.1,1,14:48:43.999116493
2337.0,1,14:49:00.275301843
2337.1,1,14:49:00.281574795
2337.0,1,14:49:00.951628542
2337.0,3,14:49:01.371379031
2337.1,1,14:49:01.448595502
2337.0,2,14:49:01.968349573
2337.0,1,14:49:01.968687286
2337.0,1,14:49:01.969070986
2337.0,1,14:49:01.971378585
2337.1,1,14:49:05.205052297
2337.0,3,14:49:10.635398167
2337.1,1,14:49:10.635502054
2337.1,1,14:49:10.635608699
2337.0,2,14:49:10.636086679
2337.0,1,14:49:10.636469008
2337.1,1,14:49:10.636518974
2336.9,1,14:49:22.965691005
2336.9,1,14:49:22.966466815
2336.8,1,14:49:28.441529448
2336.9,1,14:49:46.206822014
2336.9,2,14:49:50.592534661
2337.0,1,14:49:59.379518232
2336.9,1,14:49:59.858676840
2336.9,1,14:49:59.858727653
2336.9,1,14:50:00.104243939
2336.8,1,14:50:01.480774900
2336.8,1,14:50:22.870517735
2336.9,2,14:50:23.046438215
2336.9,1,14:50:23.967901453
2337.0,1,14:50:28.089783572
2337.1,1,14:50:28.089970991
2337.1,1,14:50:28.118415639
2337.2,1,14:50:29.125616150
2337.2,1,14:50:34.650730407
2337.2,1,14:50:34.650789614
2337.1,2,14:50:38.298758805
2337.1,2,14:50:38.298991513
2337.1,1,14:50:38.299127555
2337.0,1,14:50:38.307641624
2336.9,1,14:50:38.316875801
2336.9,1,14:50:42.091014034
2336.8,1,14:50:48.280223872
2336.9,2,14:50:52.282350799
2337.0,5,14:50:52.324373515
2336.9,1,14:50:59.089847617
2336.9,1,14:51:03.843690391
2336.7,10,14:51:09.311183894
2336.7,2,14:51:09.311462444
2336.8,4,14:51:09.312456867
2336.8,1,14:51:09.312881928
2336.9,1,14:51:09.545761014
2336.7,1,14:51:16.792544898
2336.7,3,14:51:16.793594096
2336.7,1,14:51:16.795181348
2336.7,1,14:51:16.795387320
2336.7,1,14:51:23.896818242
2336.7,3,14:51:23.897058602
2336.7,1,14:51:26.088229860
2336.8,1,14:51:32.202815446
2336.8,3,14:51:32.946141551
2336.9,1,14:51:33.950224087
2336.8,1,14:51:38.331112157
2336.8,1,14:51:41.578815750
2336.8,1,14:51:41.705784767
2336.7,1,14:51:46.476204866
2336.8,1,14:51:47.463663215
2336.9,1,14:51:48.179453764
2336.8,1,14:52:00.038119078
2336.8,1,14:52:04.617289941
2336.8,1,14:52:04.620357018
2336.8,1,14:52:04.620541649
2336.9,1,14:52:04.623352006
2337.0,1,14:52:10.468574462
2336.9,1,14:52:16.549213912
2336.9,1,14:52:25.250645115
2336.9,1,14:52:25.253686194
2336.9,2,14:52:30.145920866
2336.8,2,14:52:39.910201377
2336.8,1,14:52:39.910488538
2336.8,1,14:52:39.910517123
2336.7,4,14:52:39.923124069
2336.8,2,14:52:39.934541174
2336.9,1,14:52:40.357160493
2336.9,1,14:52:47.252204464
2337.0,2,14:52:55.534761213
2337.0,1,14:53:02.192716532
2337.1,1,14:53:04.786879258
2337.1,2,14:53:05.835974486
2337.2,1,14:53:08.093887274
2337.2,1,14:53:14.039999138
2337.3,1,14:53:18.447302810
2337.3,7,14:53:18.460604614
2337.5,1,14:53:18.482201328
2337.5,3,14:53:18.621455284
2337.5,1,14:53:18.621476239
2337.5,1,14:53:18.621677395
2337.5,1,14:53:18.622017994
2337.5,1,14:53:18.622096546
2337.5,1,14:53:18.622282505
2337.5,1,14:53:19.789025490
2337.4,1,14:53:20.084296455
2337.3,2,14:53:22.467451818
2337.2,1,14:53:22.515199879
2337.2,1,14:53:26.314595829
2337.3,1,14:53:26.629149858
2337.4,1,14:53:26.691957874
2337.5,1,14:53:29.982120582
2337.5,1,14:53:30.179223877
2337.3,1,14:53:30.179477444
2337.4,1,14:53:30.677656736
2337.5,2,14:53:37.504673523
2337.5,1,14:53:38.209167549
2337.5,1,14:53:38.209475418
2337.4,1,14:53:38.552172594
2337.4,1,14:53:38.846743138
2337.5,1,14:53:39.902703140
2337.5,1,14:53:42.610637876
2337.4,2,14:53:45.691068532
2337.4,1,14:53:45.691864247
2337.4,1,14:53:45.692989684
2337.4,2,14:53:45.765111856
2337.5,2,14:53:47.979611352
2337.5,2,14:53:48.669465496
2337.6,5,14:53:49.218071442
2337.6,1,14:53:49.345559372
2337.4,3,14:53:50.439834330
2337.5,2,14:53:50.439834330
2337.6,1,14:53:50.916968528
2337.6,1,14:53:57.481009955
2337.6,2,14:53:59.887623935
2337.6,1,14:53:59.975013143
2337.6,1,14:53:59.975234658
2337.5,5,14:54:02.644703022
2337.6,1,14:54:05.623762952
2337.5,1,14:54:08.285206019
2337.5,1,14:54:08.285474185
2337.6,1,14:54:15.079971945
2337.6,1,14:54:20.261648936
2337.6,2,14:54:25.533581152
2337.5,1,14:54:25.533939322
2337.5,1,14:54:25.534137614
2337.4,1,14:54:25.652673863
2337.4,1,14:54:25.653272621
2337.3,1,14:54:30.647636340
2337.3,1,14:54:44.745541074
2337.3,1,14:54:44.825340107
2337.3,1,14:54:44.825566265
2337.3,2,14:54:46.567690182
2337.2,1,14:54:49.060368293
2337.3,4,14:54:49.208754570
2337.3,2,14:54:56.845554579
2337.1,2,14:55:01.090235116
2337.1,2,14:55:01.090879727
2337.1,1,14:55:01.702317641
2337.1,1,14:55:02.617704451
2337.1,1,14:55:02.617948530
2337.2,4,14:55:08.104944801
2337.2,1,14:55:08.105212318
2337.2,1,14:55:09.111342097
2337.2,1,14:55:13.929775856
2337.1,1,14:55:20.405692002
2337.2,2,14:55:26.221696353
2337.2,1,14:55:26.221875710
2337.2,1,14:55:30.388276164
2337.1,2,14:55:31.113365144
2337.2,3,14:55:33.538916408
2337.3,3,14:55:33.540707395
2337.3,2,14:55:33.540883056
2337.3,1,14:55:33.543591258
2337.2,4,14:55:34.652454849
2337.2,2,14:55:34.653396264
2337.2,1,14:55:34.955095473
2337.1,3,14:55:36.226974678
2337.2,1,14:55:39.248990313
2337.3,4,14:55:45.648645105
2337.3,1,14:55:45.649907889
2337.3,1,14:55:45.650360144
2337.4,1,14:55:46.335442456
2337.4,2,14:55:46.876609583
2337.3,3,14:55:47.420894533
2337.3,1,14:55:47.421541461
2337.3,1,14:55:47.421783693
2337.2,3,14:55:47.470601590
2337.2,2,14:55:47.470860726
2337.1,3,14:55:47.478568836
2337.1,1,14:55:47.480052805
2337.1,1,14:55:47.480430170
2337.2,5,14:55:48.486165298
2337.2,1,14:55:48.526174509
2337.1,6,14:55:50.188431023
2337.1,4,14:55:50.190061171
2337.1,1,14:55:50.192269555
2337.2,1,14:55:50.233768274
2337.2,2,14:55:58.577799683
2337.3,1,14:56:03.921975963
2337.3,1,14:56:09.786497543
2337.3,1,14:56:11.516863603
2337.4,1,14:56:17.300465768
2337.3,1,14:56:17.841843232
2337.2,1,14:56:20.768927271
2337.2,1,14:56:20.769226803
2337.2,1,14:56:23.688554804
2337.2,1,14:56:24.317495456
2337.3,3,14:56:29.795185064
2337.2,1,14:56:31.249723497
2337.3,1,14:56:34.276209545
2337.3,1,14:56:37.624093658
2337.4,1,14:56:39.339156367
2337.5,3,14:56:39.752295073
2337.5,5,14:56:39.752492387
2337.4,1,14:56:41.518503210
2337.5,1,14:56:42.533586881
2337.6,1,14:56:43.511467039
2337.6,2,14:56:43.511710391
2337.7,4,14:56:48.039243227
2337.7,1,14:56:48.039271413
2337.7,1,14:56:48.047794516
2337.7,1,14:56:48.057987710
2337.7,1,14:56:50.987699733
2337.7,1,14:56:50.988712333
2337.6,1,14:56:57.985821040
2337.6,1,14:57:00.375895272
2337.6,1,14:57:06.859100889
2337.7,1,14:57:06.896397245
2337.8,1,14:57:07.001795867
2337.8,2,14:57:07.002099458
2337.8,1,14:57:10.292192330
2337.8,1,14:57:15.025240449
2337.5,2,14:57:21.537551174
2337.4,4,14:57:21.539041076
2337.4,1,14:57:21.539245519
2337.4,1,14:57:21.539598670
2337.4,1,14:57:21.539642828
2337.4,2,14:57:21.539673767
2337.3,5,14:57:33.867551449
2337.2,6,14:57:38.408821483
2337.2,11,14:57:38.409433655
2337.2,1,14:57:38.411086626
2337.2,1,14:57:48.813880386
2337.3,1,14:57:49.055898812
2337.3,1,14:57:49.056113145
2337.2,1,14:57:57.533938241
2337.3,1,14:57:57.703915428
2337.2,3,14:57:58.141956165
2337.2,1,14:58:04.541394816
2337.3,1,14:58:04.541394816
2337.3,3,14:58:06.228957679
2337.1,1,14:58:13.728387161
2337.2,1,14:58:13.798056491
2337.2,1,14:58:13.798480682
2337.1,2,14:58:15.018835221
2337.0,3,14:58:15.022274663
2337.1,1,14:58:15.022473285
2337.0,1,14:58:15.023240972
2337.0,10,14:58:15.024918861
2337.0,19,14:58:15.026077063
2337.0,5,14:58:15.226231785
2337.0,3,14:58:15.228943517
2337.1,3,14:58:16.022194328
2337.2,1,14:58:16.375067760
2337.2,1,14:58:16.375274938
2337.2,1,14:58:16.448979262
2337.2,1,14:58:17.261900346
2337.2,1,14:58:17.261986657
2337.1,1,14:58:18.270362462
2337.1,1,14:58:19.792449717
2337.1,1,14:58:19.874956264
2337.1,2,14:58:19.875185882
2337.1,1,14:58:19.875426383
2337.1,1,14:58:20.896636525
2337.1,4,14:58:21.897251389
2337.0,8,14:58:23.139571843
2337.0,1,14:58:23.140408315
2337.0,1,14:58:23.140516640
2337.1,1,14:58:23.140790997
2336.9,1,14:58:23.606227449
2336.8,1,14:58:24.324218777
2336.8,1,14:58:24.325536058
2336.7,4,14:58:24.347909369
2336.7,1,14:58:24.348420081
2336.4,2,14:58:24.419274936
2336.4,1,14:58:24.504366686
2336.6,4,14:58:24.520742565
2336.5,1,14:58:24.520742565
2336.6,1,14:58:24.522089914
2336.7,1,14:58:24.522130375
2336.6,1,14:58:24.522130375
2336.7,1,14:58:25.736823527
2336.7,2,14:58:25.737468798
2336.5,1,14:58:28.740951455
2336.6,1,14:58:32.477842027
2336.6,3,14:58:32.478054912
2336.4,2,14:58:36.056250821
2336.5,8,14:58:36.056250821
2336.4,3,14:58:37.511027182
2336.4,2,14:58:39.021718073
2336.3,1,14:58:39.604228916
2336.3,4,14:58:40.185838131
2336.4,3,14:58:41.099429423
2336.4,2,14:58:41.108645468
2336.4,2,14:58:48.907032567
2336.4,1,14:58:51.889040537
2336.3,1,14:59:02.088673873
2336.3,1,14:59:02.089312695
2336.3,1,14:59:02.089563699
2336.2,1,14:59:06.547180178
2336.3,3,14:59:06.547601592
2336.3,2,14:59:06.547679062
2336.3,1,14:59:06.547737526
2336.3,1,14:59:06.548156617
2336.3,3,14:59:06.549032987
2336.3,4,14:59:08.899401107
2336.3,1,14:59:08.920170943
2336.3,1,14:59:08.920396400
2336.4,1,14:59:15.708200722
2336.4,1,14:59:15.708216238
2336.2,4,14:59:17.598317808
2336.2,1,14:59:17.598981726
2336.2,1,14:59:18.371494328
2336.3,1,14:59:23.063150458
2336.3,1,14:59:27.110958711
2336.5,4,14:59:28.636523146
2336.4,4,14:59:28.636523146
2336.5,4,14:59:28.699907280
2336.6,5,14:59:28.708805184
2336.7,1,14:59:28.710352591
2336.7,1,14:59:28.710442126
2336.7,1,14:59:28.710743046
2336.7,1,14:59:28.718667946
2336.7,1,14:59:28.933115046
2336.6,1,14:59:29.459019416
2336.6,1,14:59:29.459308042
2336.6,1,14:59:29.459363157
2336.7,6,14:59:30.490346425
2336.8,1,14:59:30.622480548
2336.7,6,14:59:34.606049360
2336.6,3,14:59:34.673496444
2336.6,2,14:59:36.873922775
2336.6,1,14:59:36.874589312
2336.6,4,14:59:38.473543871
2336.8,3,14:59:38.481906501
2336.7,5,14:59:38.481906501
2336.6,2,14:59:45.168204888
2336.6,2,14:59:45.513755871
2336.5,1,14:59:52.475030889
2336.4,1,14:59:56.163973208
2336.4,4,14:59:59.905246125
2336.3,1,14:59:59.959011908
2336.3,1,14:59:59.959136921
